:1000000018F09FE518F09FE518F09FE518F09FE5C0
:1000100018F09FE50000000014F09FE514F09FE544
:100020004000000004000000080000000C00000078
:0C00300010000000E45F00001C00000055
:1000400000000FE11F00C0E3120080E300F021E197
:1000500054D09FE51F00C0E3170080E300F021E1CA
:1000600048D09FE51F00C0E31B0080E300F021E1C2
:100070003CD09FE51F00C0E3110080E300F021E1C8
:1000800030D09FE51F00C0E31F0080E300F021E1B6
:1000900024D09FE51F00C0E3130080E300F021E1BE
:1000A00018D09FE518009FE510FF2FE1E0140040F5
:1000B000381500403815004030150040E01300406E
:1000C00030150040040100000120704730B50B4C92
:1000D0000B4D81B0AC4206D301B030BC01BC00472F
:1000E00007F0BCF90C34AC42F6D26068A168226813
:1000F0008142F5D1002107F0BFF9F3E7507B000002
:10010000687B000001C08FE21CFF2FE1044C054D0D
:10011000054E064FAE462047002809D0BE46304760
:10012000C900000019010000CD00000031010000ED
:1001300002480349034C044DAE46204770010000BD
:1001400074010000ED7300004D010000044C054DEA
:100150000020AE462047044C044DAE462047000028
:10016000055C00005701000031740000297A00008E
:100170007501000010B50C4C0021200005F06AFD4F
:100180000121B2204000201805F064FD0221B220B8
:100190008000201805F05EFD03210448201805F0BA
:1001A00059FD01F0B3FE0000D00400402C04000013
:1001B000F3B50200130001240025184860430090A5
:1001C00067193900514307F035FC0807000F08286C
:1001D00002D30E09761C00E00E090098774339011E
:1001E00007F028FC881A01D5571A00E08F1A9F42A1
:1001F00009D2002801D5531A00E08B1A20052904E2
:100200004018801901906D1C102DD6D3641C102C41
:10021000D2D30198FCBC02BC0847C04680A812019A
:10022000026843689A4209D18E22520082181368EC
:100230001B7D9B0602D51068017007E002688218DA
:1002400011720168491C4906490E016000B07047EF
:1002500008B4F1B504000D00110006AA9220400078
:10026000201807F03FF90600902040002718002DC5
:1002700016D0200005F030FD0025922040006119C5
:10028000095C080005D02000FFF7CAFF6D1C402D57
:10029000F3D3386806F0E6FC3000F8BC06BC08472B
:1002A0006946386806F08CFB0028E5D1F5E70000C8
:1002B0000CB470B5040004AA92204000201807F086
:1002C00011F90500002692204000A119095C0800E0
:1002D00005D02000FFF7A4FF761C7F2EF3D3280063
:1002E00070BC0EBC0847000070BC01BC0047000099
:1002F000010088310A684B689A4201D1002006E06B
:10030000C018903000785A1C5206520E4A6000B055
:100310007047000070B504000D000026A95D0800BC
:1003200005D02000FFF77CFF761C7F2EF6D3DBE79D
:10033000F0B50200080088214900531800245C60D1
:1003400014605460883214605460794D0326F6437B
:100350006E4F78491A68032A30D802A39B5C5B0071
:100360009F44C046022D5A950A68082313430B6028
:10037000FFF71EFF66494C6087228A6083220A735A
:100380000870020A1206120E4A60000C88623320BE
:1003900008734C603868302188431021014339606C
:1003A0003868C0218843402101433960286804210E
:1003B000014329602868082188432860A3E00A686F
:1003C000102313430B60FFF7F3FE52494C60872262
:1003D0008A6083220A730870020A1206120E4A60AB
:1003E000000C886233200873012048603868800060
:1003F00080088021C90501433960786806400120E2
:100400003043786028688021090201432960286808
:1004100041490140296076E00A6880235B04134368
:100420000B60FFF7C5FE3D494C6087228A6083223E
:100430000A730870020A1206120E4A60000C8862E3
:10044000332008730120486038683B490140396017
:1004500038683A49014080204003084338603868D2
:100460002F4901408020C00308433860802080006D
:10047000296801432960296842000A432A602968E3
:10048000284A0A402A60A9690843A8613BE00A6833
:1004900080239B0413430B60FFF78AFE22494C60C4
:1004A00087228A6083220A730870020A1206120EDB
:1004B0004A60000C8862332008734C624C601B4811
:1004C0008021017038680640022030433860386867
:1004D0000C21884308210143396028680121014328
:1004E00029602868022188432860C802296C0143DA
:1004F000296441002A6C0A432A64AA6D1143A96544
:10050000A96D0843A86502F091FFC04600C002E053
:1005100000C000E0000001E0FFFFFEFF008007E0F8
:10052000FFFF3FFFFFF7FFFF00C007E030C007E01D
:1005300000C0FF3FC4C01FE0FFFFF3FFFFFFCFFF7E
:1005400070402DE904D04DE2F0439FE50B0000EA36
:10055000002094E5043094E5030052E120001013DC
:100560000600000A040094E5042080E00820D2E59B
:100570000020C1E5010080E27F0000E2040084E584
:10058000E014A0E3C01C81E3082091E5010012E320
:100590000400000AFF00E0E30010A0E3001080E583
:1005A0007140BDE81EFF2FE11400D1E50730A0E344
:1005B000A22003E0012052E2E4FFFF0A012052E200
:1005C00004205212EDFFFF1A010010E3EBFFFF0AB7
:1005D0000050D1E5886094E51811D4E5010055E19B
:1005E0000800001A140194E5010080E2140184E57A
:1005F0000D30A0E10120A0E30210A0E3E4029FE59A
:10060000000090E5821800EB040086E09050C0E501
:10061000010086E27F0000E2880084E5D7FFFFEA60
:10062000F0402DE904D04DE230449FE57B6FA0E31C
:100630000C0000EA5A0FA0E3643194E5045090E7FF
:10064000050053E1200011130600000A041090E792
:10065000043081E06C31D3E50030C2E5011081E265
:100660007F1001E2041080E7E024A0E3402B82E346
:10067000080092E5010010E30400000AFF00E0E337
:100680000010A0E3001080E5F140BDE81EFF2FE15F
:100690001410D2E50730A0E3A00003E0010050E20F
:1006A000E3FFFF0A010050E204005012EDFFFF1AC1
:1006B000010011E3EBFFFF0A0050D2E5047096E75A
:1006C0007C12D4E5010055E10900001A9E0FA0E359
:1006D000041090E7011081E2041080E70D30A0E1E2
:1006E0000120A0E30210A0E3F8019FE5000090E5DF
:1006F000471800EB040087E0F451C0E5010087E2F1
:100700007F0000E2040086E7D6FFFFEAF0402DE913
:1007100004D04DE244439FE5D46FA0E30C0000EA0F
:10072000B30FA0E3C83294E5045090E7050053E10D
:10073000200011130600000A041090E7043081E045
:10074000D032D3E50030C2E5011081E27F1001E232
:10075000041080E7E024A0E3782A82E3080092E511
:10076000010010E30400000AFF00E0E30010A0E332
:10077000001080E5F140BDE81EFF2FE11410D2E526
:100780000730A0E3A00003E0010050E2E3FFFF0A0E
:10079000010050E204005012EDFFFF1A010011E3C6
:1007A000EBFFFF0A0050D2E5047096E7E013D4E5B2
:1007B000010055E10900001AF70FA0E3041090E7CB
:1007C000011081E2041080E70D30A0E10120A0E3D8
:1007D0000410A0E30C019FE5000090E50C1800EB6D
:1007E000040087E05853C0E5010087E27F0000E283
:1007F000040086E7D6FFFFEAF0402DE904D04DE281
:1008000058429FE5B460A0E3406E86E30C0000EA26
:10081000430EA0E32C3494E5045090E7050053E127
:10082000200011130600000A041090E7043081E054
:100830003434D3E50030C2E5011081E27F1001E2DB
:10084000041080E7E024A0E37C2A82E3080092E51C
:10085000010010E30400000AFF00E0E30010A0E341
:10086000001080E5F140BDE81EFF2FE11410D2E535
:100870000730A0E3A00003E0010050E2E3FFFF0A1D
:10088000010050E204005012EDFFFF1A010011E3D5
:10089000EBFFFF0A0050D2E5047096E74415D4E55B
:1008A000010055E10900001A540EA0E3041090E77E
:1008B000011081E2041080E70D30A0E10120A0E3E7
:1008C0000810A0E31C009FE5000090E5D01700EBA6
:1008D000040087E0BC54C0E5010087E27F0000E22D
:1008E000040086E7D6FFFFEA4C00004031B5144C07
:1008F00001002000FFF71CFD8820400025186946F4
:100900002868401D0006000E06F08EF82861684633
:100910000078002803D068460078206060600622D6
:100920000421054805F0E4F94F48016840220A43D4
:10093000026002482EE0C0464005000004C000E00E
:10094000D004004031B5464DB22149006C18010079
:100950002000FFF7EDFC9D2080002D1869462868D7
:10096000401D0006000E06F05FF82861684600781A
:10097000002803D0684600782060606007220521C7
:10098000074805F0B5F93848016880220A4302603B
:100990000448C0460321016038BC01BC0047C04682
:1009A00020060000040001E031B52D4DB221890080
:1009B0006C1801002000FFF7BBFCF62080002D180A
:1009C00069462868401D0006000E06F02DF82861D3
:1009D00068460078002803D0684600782060606090
:1009E0001C220621054805F083F91F480168802272
:1009F00052050A4302600248CCE7C0460C070000DB
:100A0000048007E031B5164D16496C18010020002E
:100A1000FFF78EFC0F482D1869462868401D000618
:100A2000000E06F001F8286168460078002803D01F
:100A300068460078206060601D220721064805F0A6
:100A400057F909480168802292050A430260034869
:100A5000A0E7C0463C050000F807000004C007E01E
:100A6000D00400402C04000010F0FFFF10B504007B
:100A70002106090E0248FFF7D3FB200001F0EAFB34
:100A800034060040F0B45348002101610163016560
:100A90004A494B4A0A604A608A60CA600A614A61F0
:100AA0008A61CA610A624A620221026C0A430264D4
:100AB000C1650121C943026C0A4002640822036C2B
:100AC00013430364C265026C04239A430264202228
:100AD000036C13430364C2651022D243036C1340BA
:100AE00003644023DB43046C1C40046480246403DF
:100AF000056825430560C4610568374E2E400660D1
:100B0000E508C561066816400660260B076837438E
:100B10000760C66106688027BE430660C761066835
:100B20002027BE430660A600076837430760C661FA
:100B30002A4E0768374007606708C76107683B406F
:100B40000360036A2B430362C563036A23430362A2
:100B5000C46303681B4C1C40046003681A4C1C40AF
:100B60000460036A194C1C400462036A1E4006625A
:100B7000036A19400162016A0A400262016A184A66
:100B80000A400262016A174A0A400262016A164A72
:100B90000A400262016A154A0A400262016A144A66
:100BA0000A400262016A0A4A0A4002626908026A4D
:100BB0000A430262C163F0BC7047C04640C002E015
:100BC000AAAAAAAAFFFFFFDFFFFFFFBFFFFFFBFFED
:100BD000FFFFDFFF00C0FF3FFFFFFDFFFFFFF7FF4D
:100BE000FFFEFFFFFFFDFFFFFFFBFFFFFFBFFFFF5C
:100BF000FF7FFFFF01C08FE21CFF2FE1F0B5104C1B
:100C0000002100222378641C002501271F400126B3
:100C10000E407E40360605D018264E4076088021CC
:100C2000314300E049085B086D1C082DEDD3521CD0
:100C3000072AE7D30806000EF0BC02BC08470000F4
:100C40004000004004E04EE2FF402DE9FB00E0E3FD
:100C5000F00EC0E3005090E5E48B9FE51CB098E5F2
:100C6000109098E514C098E5E004A0E3800C80E3C0
:100C70000210E0E30020A0E3AF31E0E3FE3DC3E378
:100C8000C0AB9FE5014081E2200015E36900000A46
:100C9000186098E5026046E2080056E35B00008AAF
:100CA000017F8FE20670D7E707F18FE002580A58FC
:100CB0001B02255850000000046090E5066004E027
:100CC000046080E504908AE508208AE500908AE5C2
:100CD0000360A0E3540000EA04C083E5046090E5EB
:100CE000066004E0046080E5906EA0E3186080E593
:100CF000046090E5026086E3046080E5046090E5AE
:100D0000066001E0046080E5046090E5016086E330
:100D1000046080E50660A0E3430000EA08C083E5C4
:100D2000046090E5066004E0046080E504208AE544
:100D300008908AE500908AE500B0A0E30760A0E390
:100D4000390000EA206098E57F70A0E3A66007E024
:100D5000206088E5047090E5077004E0047080E589
:100D6000007093E5070019E1806086132060881504
:100D70000B00001A0A60A0E3506D86E3186080E55E
:100D8000046090E5026086E3046080E5046090E51D
:100D9000066001E0046080E5046090E5016086E3A0
:100DA000046080E507005BE30A00001A206098E514
:100DB000330056E30F00561300B0A0030960A003F0
:100DC0000600000A046090E5066004E0046080E527
:100DD0000160A0E3010000EA01B08BE20760A0E33C
:100DE00004208AE508908AE500908AE50E0000EA72
:100DF00008C083E5046090E5066004E0046080E5D7
:100E000040005BE30960A0130160A003F4FFFFEA68
:100E1000046090E5066004E0046080E504208AE553
:100E200008908AE500908AE50160A0E3186088E5F3
:100E3000006090E5006080E5800B15E37000000A1B
:100E40000150A0E3186098E5016056E20600000A30
:100E5000026056E21600000A046056E22600000A0C
:100E6000026056E23700000A5C0000EA042090E5C8
:100E7000022004E0042080E51820A0E3542D82E342
:100E8000182080E5042090E5022082E3042080E51C
:100E9000042090E5021001E0041080E5041090E5C4
:100EA000011081E3041080E50200A0E3180088E54A
:100EB000520000EA04208AE508208AE5042090E533
:100EC000022004E0042080E5902FA0E3182080E5B4
:100ED000042090E5022082E3042080E5042090E5D0
:100EE000021001E0041080E5041090E5011081E398
:100EF000041080E50400A0E3EBFFFFEA04208AE58C
:100F000008208AE5042090E5022004E0042080E522
:100F1000042090E5022082E3042080E50E20A0E377
:100F2000402F82E3182080E5042090E5021001E0C4
:100F3000041080E5041090E5011081E3041080E5C1
:100F40000800A0E3D8FFFFEA0760A0E3AB6106E07A
:100F500008E0D6E707600BE215061EE10600000A6E
:100F6000041090E5011004E0041080E53F005BE30D
:100F70001300001A185088E5110000EA045090E5AB
:100F8000054004E0044080E5D84FA0E3184080E528
:100F9000044090E5024084E3044080E5044090E58D
:100FA000041001E0041080E5041090E5011081E3D5
:100FB000041080E504C083E508208AE50A00A0E368
:100FC000180088E501B08BE240005BE30B00001ADB
:100FD000240098E5010080E2240088E5070000EA8B
:100FE000041090E5011004E0041080E508C083E5DA
:100FF00004208AE508908AE500908AE5185088E583
:1010000000908AE51CB088E5FF80FDE804E04EE230
:10101000FF402DE9FB00E0E3F00EC0E3005090E557
:101020001C889FE51CB098E5109098E514C098E5E1
:10103000E004A0E3800C80E30210E0E30020A0E3E2
:10104000AF31E0E3FF3DC3E348AE9FE5014081E2FD
:10105000200015E36900000A186098E5026046E286
:10106000080056E35B00008A017F8FE20670D7E735
:1010700007F18FE002580A581B0225585000000063
:10108000046090E5066004E0046080E504908AE571
:1010900008208AE500908AE50360A0E3540000EA96
:1010A00004C083E5046090E5066004E0046080E528
:1010B000906EA0E3186080E5046090E5026086E32E
:1010C000046080E5046090E5066001E0046080E56E
:1010D000046090E5016086E3046080E50660A0E3BB
:1010E000430000EA08C083E5046090E5066004E080
:1010F000046080E504208AE508908AE500908AE58E
:1011000000B0A0E30760A0E3390000EA206098E5A2
:101110007F70A0E3A66007E0206088E5047090E59A
:10112000077004E0047080E5007093E5070019E1A2
:1011300080608613206088150B00001A0A60A0E307
:10114000506D86E3186080E5046090E5026086E3F8
:10115000046080E5046090E5066001E0046080E5DD
:10116000046090E5016086E3046080E507005BE3CE
:101170000A00001A206098E5330056E30F0056136A
:1011800000B0A0030960A0030600000A046090E517
:10119000066004E0046080E50160A0E3010000EA6D
:1011A00001B08BE20760A0E304208AE508908AE59D
:1011B00000908AE50E0000EA08C083E5046090E52F
:1011C000066004E0046080E540005BE30960A01372
:1011D0000160A003F4FFFFEA046090E5066004E00C
:1011E000046080E504208AE508908AE500908AE59D
:1011F0000160A0E3186088E5006090E5006080E58C
:10120000800B15E37000000A0150A0E3186098E518
:10121000016056E20600000A026056E21600000A6B
:10122000046056E22600000A026056E23700000A17
:101230005C0000EA042090E5022004E0042080E540
:101240001820A0E3542D82E3182080E5042090E5C7
:10125000022082E3042080E5042090E5021001E0F2
:10126000041080E5041090E5011081E3041080E58E
:101270000200A0E3180088E5520000EA04208AE595
:1012800008208AE5042090E5022004E0042080E59F
:10129000902FA0E3182080E5042090E5022082E34F
:1012A000042080E5042090E5021001E0041080E5B0
:1012B000041090E5011081E3041080E50400A0E330
:1012C000EBFFFFEA04208AE508208AE5042090E588
:1012D000022004E0042080E5042090E5022082E35F
:1012E000042080E50E20A0E3402F82E3182080E553
:1012F000042090E5021001E0041080E5041090E560
:10130000011081E3041080E50800A0E3D8FFFFEAA4
:101310000760A0E3AB6106E008E0D6E707600BE2F8
:1013200015061EE10600000A041090E5011004E015
:10133000041080E53F005BE31300001A185088E5B5
:10134000110000EA045090E5054004E0044080E507
:10135000D84FA0E3184080E5044090E5024084E3C4
:10136000044080E5044090E5041001E0041080E5AD
:10137000041090E5011081E3041080E504C083E5CA
:1013800008208AE50A00A0E3180088E501B08BE296
:1013900040005BE30B00001A240098E5010080E2A6
:1013A000240088E5070000EA041090E5011004E03D
:1013B000041080E508C083E504208AE508908AE5EA
:1013C00000908AE5185088E500908AE51CB088E511
:1013D000FF80FDE8F0B50400062C5BD2314D012002
:1013E00028700026AE706E70080EE870080C287128
:1013F000080A6871A971FFF701FCE87106F098FB13
:10140000A100294A5058286151188A696A61274900
:10141000274B284F032C05D23A645E62986218620B
:101420001D4804E03A605E60986018601B4888635D
:101430000120A861EE61204904200A6802430A6085
:101440001E494A6801239A434A6002224B681343AB
:101450004B604B6893434B600B6F0324A3430B67B4
:101460004B6901241C434C614B691A434A614A6928
:1014700010434861CE600A488861086808601048D7
:1014800010490A6802430A604A68104348606E6265
:1014900006F044FB01F0CAFF440C00000C100000F1
:1014A0001815000040000040D493000000000040E8
:1014B0008C8002E01CC0FF3FC4C01FE0008000E041
:1014C000200002000CF0FFFF04E04EE2FF402DE997
:1014D00008D04DE2FB10E0E3F01EC1E3001091E5FF
:1014E00004108DE558839FE5281098E5401001E22F
:1014F0000010CDE5109098E5AFA1E0E3FEADCAE3A2
:1015000002B0A0E33C439FE50050A0E30160A0E3EC
:10151000E074A0E3807C87E304009DE5200010E3F5
:101520008D00000A000097E5000087E5200098E59F
:10153000A020A0E1383098E52410A0E30E00A0E33D
:1015400018C098E503C04CE213005CE38200008AF7
:1015500001EF8FE20CE0DEE70EF18FE0040A7F1569
:101560007F287F2F7F377F5C7F7F7F7F7F627F72C7
:1015700004B087E5089084E5045084E5009084E594
:10158000186088E5740000EA04B087E5140098E567
:1015900004008AE5200098E5010010E31810871583
:1015A000D80FA00318008705046087E50600A0E3B4
:1015B000680000EA04B087E5140098E508008AE5B1
:1015C000630E81E2181097E5010040E0180087E5FE
:1015D000046087E5202088E51C0098E5010050E2C2
:1015E0001C0088E50400A0135A00001A0800A0E3BC
:1015F000180088E5900EA0E3180087E5560000EA81
:1016000004B087E5140098E504008AE5181087E522
:10161000046087E50A00A0E34E0000EA04B087E515
:10162000140098E508008AE5EA00A0E3180087E5C1
:10163000046087E50C00A0E3460000EA04B087E5FB
:101640007F1002E2201088E500209AE5020019E1EF
:1016500080108113201088154610A0E3501E81E3EE
:10166000181087E5046087E51C1098E5011081E2F9
:101670001C1088E50820A0E3182088E5070011E386
:101680003500001AA12188E0203098E5013042E5BC
:10169000400051E33000001A241098E5011081E267
:1016A000241088E50020DDE5000052E32900000A4F
:1016B000282098E5072002E2020051E12400001AE8
:1016C000281098E5200011E32200000A200000EA1B
:1016D000140098E508008AE545FDFFEB200088E549
:1016E00004B087E51C0000EA141098E504108AE5B0
:1016F000085084E5045084E5009084E52810A0E3B8
:101700008C1D81E3181087E5046087E51610A0E3BF
:10171000181088E5281098E5200051E3AA0053032B
:101720000D00001A0B0000EA140098E508008AE595
:10173000010083E2380088E52800A0E38C0D80E3F7
:10174000180087E5046087E5089084E5045084E587
:10175000009084E51400A0E3180088E504009DE5EE
:10176000800B10E33400000A180098E5010050E2F5
:101770000700000A020050E20F00000A110050E2C8
:101780002D00001A385088E51C0098E5010080E221
:101790001C0088E504B087E52800A0E38C0D80E3F9
:1017A000180087E5046087E5049084E5085084E527
:1017B000009084E50300A0E31E0000EA04B087E582
:1017C0006C0EA0E3180087E5046087E5045084E50B
:1017D000085084E5009084E50000DDE5000050E35A
:1017E0000C00000A240098E5281098E5071001E293
:1017F000010050E10700001A140098E508008AE58E
:101800002800A0E38C0D80E3180087E5046087E5DD
:101810001400A0E3070000EA280098E5200050E348
:10182000F4FFFF0A3300A0E3200088E50800A0E3EE
:101830001C0088E50400A0E3180088E508D08DE2CC
:10184000FF80FDE840000040AC8002E004E04EE292
:10185000FF402DE908D04DE2FB10E0E3F01EC1E3AC
:10186000001091E504108DE558839FE5281098E558
:10187000401001E20010CDE5109098E5AFA1E0E343
:10188000FFADCAE302B0A0E308469FE50050A0E325
:101890000160A0E3E074A0E3807C87E304009DE5A1
:1018A000200010E38D00000A000097E5000087E5A6
:1018B000200098E5A020A0E1383098E52410A0E3AE
:1018C0000E00A0E318C098E503C04CE213005CE3EF
:1018D0008200008A01EF8FE20CE0DEE70EF18FE07C
:1018E000040A7F157F287F2F7F377F5C7F7F7F7F74
:1018F0007F627F7204B087E5089084E5045084E538
:10190000009084E5186088E5740000EA04B087E57B
:10191000140098E504008AE5200098E5010010E332
:1019200018108715D80FA00318008705046087E5F5
:101930000600A0E3680000EA04B087E5140098E51B
:1019400008008AE5630E81E2181097E5010040E087
:10195000180087E5046087E5202088E51C0098E5ED
:10196000010050E21C0088E50400A0135A00001A90
:101970000800A0E3180088E5900EA0E3180087E5B2
:10198000560000EA04B087E5140098E504008AE5F3
:10199000181087E5046087E50A00A0E34E0000EA1E
:1019A00004B087E5140098E508008AE5EA00A0E3A2
:1019B000180087E5046087E50C00A0E3460000EA14
:1019C00004B087E57F1002E2201088E500209AE548
:1019D000020019E180108113201088154610A0E341
:1019E000501E81E3181087E5046087E51C1098E518
:1019F000011081E21C1088E50820A0E3182088E58A
:101A0000070011E33500001AA12188E0203098E595
:101A1000013042E5400051E33000001A241098E5FF
:101A2000011081E2241088E50020DDE5000052E38A
:101A30002900000A282098E5072002E2020051E16F
:101A40002400001A281098E5200011E32200000A63
:101A5000200000EA140098E508008AE564FCFFEB2A
:101A6000200088E504B087E51C0000EA141098E522
:101A700004108AE5085084E5045084E5009084E56C
:101A80002810A0E38C1D81E3181087E5046087E52A
:101A90001610A0E3181088E5281098E5200051E3FF
:101AA000AA0053030D00001A0B0000EA140098E589
:101AB00008008AE5010083E2380088E52800A0E3F9
:101AC0008C0D80E3180087E5046087E5089084E5C5
:101AD000045084E5009084E51400A0E3180088E534
:101AE00004009DE5800B10E33400000A180098E51F
:101AF000010050E20700000A020050E20F00000A55
:101B0000110050E22D00001A385088E51C0098E5BD
:101B1000010080E21C0088E504B087E52800A0E30E
:101B20008C0D80E3180087E5046087E5049084E568
:101B3000085084E5009084E50300A0E31E0000EA5D
:101B400004B087E56C0EA0E3180087E5046087E524
:101B5000045084E5085084E5009084E50000DDE54C
:101B6000000050E30C00000A240098E5281098E5D6
:101B7000071001E2010050E10700001A140098E587
:101B800008008AE52800A0E38C0D80E3180087E5B3
:101B9000046087E51400A0E3070000EA280098E548
:101BA000200050E3F4FFFF0A3300A0E3200088E5A3
:101BB0000800A0E31C0088E50400A0E3180088E505
:101BC00008D08DE2FF80FDE840000040F0B505F050
:101BD000AFFF44009D4A0123A34013619162294B4A
:101BE0000221A1401964AC4C002161621569A56213
:101BF00025628700244EF5591561F619B7695761BA
:101C0000224E032805D21F646162A56225621B482B
:101C100004E01F606160A56025601948B063012081
:101C2000936AA024234201D0142300E0012393618E
:101C3000D161884C256804262E432660864C0225F7
:101C40006560256F0326B543256707256561E1605B
:101C5000824DA56125682560914D904E37682F43D0
:101C6000376077683D43756051629163142B00D1F2
:101C7000606005F053FF01F0D9FBC046C8140000B6
:101C80004C1800001CC0FF3FD4930000000000402F
:101C900001002DE9FB80E0E3F08EC8E3008098E5C9
:101CA000E0A4A0E380AC8AE3200018E300909A153A
:101CB00000908A15800B18E33500000A88819FE5A3
:101CC0002C9098E5AFB1E0E3FEBDCBE334C098E5DE
:101CD00001C05CE20200000A01C05CE20B00000AE5
:101CE000270000EA01A0A0E338A088E502C0A0E335
:101CF00034C088E500B09BE50B0019E10100000A43
:101D00003CA088E51E0000EA00A0A0E3FBFFFFEA7C
:101D10003CC098E58CC0A0E13CC088E504009AE591
:101D20000100C0E304008AE500009BE5000019E122
:101D300001008C133C008815380098E501B080E262
:101D400038B088E51A005BE30300A003340088057F
:101D50000B00000AA000A0E38C0C80E318008AE5C9
:101D600004009AE5020080E304008AE504009AE595
:101D70000200C0E304008AE504009AE5010080E364
:101D800004008AE5C4009FE5308098E5098088E179
:101D9000008080E50100BDE804F05EE2F0B505F0EA
:101DA000C7FE2A4903220123040014406400A34013
:101DB000CB62012300090240500083400B63C86AD4
:101DC0001A0002431E4853000360214B0020586054
:101DD0009A601A6001224A63886304231D4C2568B7
:101DE0001D4325601C4C6568954365600225666847
:101DF0002E4366606668AE436660266F0327BE4367
:101E0000266766693243626162691543656162698A
:101E100013436361E060114AA26122682260094AAB
:101E2000094B13601E4A1D4B1C6814431C605C6800
:101E300022435A60486205F071FE01F0F7FAC0468D
:101E40005CC0FF3F38000040901C00004000004094
:101E5000AC8002E0C4C01FE0008000E02823000046
:101E600000B505F065FE0C480021416281622A221E
:101E700002624160816070220260064802680123AC
:101E80009A430260054801600549816005F046FEFD
:101E900001BC0047048000E08C8002E00CF0FFFFF2
:101EA0002000020001B56946042004F0BDFD9949F7
:101EB00008608020400521490A6802430A60420800
:101EC0000B6813430B608A6188616846007808BC20
:101ED00002BC084710B580214905184802680A432A
:101EE00002604A0803681343036082618161322300
:101EF0003224641EFDD1C2613224641EFDD1C16151
:101F00003221491EFDD182615B1EFDD110BC01BC96
:101F10000047000010B58020400508490A680243C8
:101F20000A604208CA61C86132233224641EFDD1AE
:101F300088615B1EFDD18A61E8E7000000C0FF3FB9
:101F4000F0B40100A04A80231B05536000245D000B
:101F50003226556032277F1EFDD14006000E1768DD
:101F60003F0102D5401C0006000E956032277F1EFF
:101F7000FDD1641C2406240E082CEAD3002900D0CD
:101F8000936055603221491EFDD195605360761EE5
:101F9000FDD1F0BC00B0704770B4010000200022F9
:101FA000894B802424050D0601D55C6000E09C600F
:101FB000322432256D1EFDD180256D055D603226EF
:101FC000761EFDD149009D60521C1206120E082A91
:101FD000E7D33221491EFDD15D60641EFDD1012190
:101FE0001A68D20E0A409D6000D1012070BC00B07A
:101FF00070470000F0B504000D00002607E0322015
:10200000401EFDD13220401EFDD17F1EFDD1761C29
:102010003606360E30061CD4FFF75CFF3227A020B0
:10202000FFF7BAFF0028EAD0200AFFF7B5FF200625
:10203000000EFFF7B1FF002D08D0FFF76BFF7F1EEA
:10204000FDD1FFF747FFA120FFF7A6FF0120FEF714
:10205000F3FDFFF75FFF0020F9E70000F1B507008F
:102060000D0016002B4C6A460021206804F018FD74
:1020700001213800FFF7BEFF00280AD1206804F0D4
:10208000F1FD00200FE03006000EFFF759FF287029
:102090006D1C3000761E0006F5D1FFF73BFF20686F
:1020A00004F0E0FD012031E0F1B506000D0017005D
:1020B000184C6A460021206804F0F2FC0021300030
:1020C000FFF798FF002817D1206804F0CBFD00200F
:1020D0001CE02878FFF760FF6D1C761C3F063F0E62
:1020E0000AD0B00608D1FFF715FF00213004000C1C
:1020F000FFF780FF0028F8D038007F1E0028E8D1C5
:10210000FFF708FF206804F0ADFD0120F8BC02BC19
:1021100008470000600A004030B50F4805F0B8F9E4
:102120001D4C80256D01606828436060606869000F
:10213000014361600A2005F021F82068054325600D
:10214000142005F01BF8464C200003F0ADFD3F21A4
:102150002000FEF765F819E08893000030B50D48BF
:1021600005F096F90C4C80256D016068284360608D
:102170002068690001432160052004F0FFFF20680A
:1021800005432560364803F08FFDC04630BC01BCD6
:102190000047C046A493000058C0FF3F0A48016AA8
:1021A00003228B0C13400A4012011A438B0B80212F
:1021B000194011430068C20E0C2313400B43202129
:1021C000014048001843704714C0FF3F1E48016893
:1021D000802252010A43026016480168164A0A40EA
:1021E0008021C901114301600168144A0A4080211D
:1021F0004902114301600168144A0A408021C90262
:10220000114301600168124A0A40802149031143C9
:1022100001608168C02292050A4382608168C02201
:1022200012060A43826006480021C1600549016028
:102230007047C04604C002E0FF3FFFFFFFFFFCFF06
:10224000004003E03F032100C4C01FE0FFFFF3FF95
:10225000FFFFCFFF10BC02BC0847C046C093000080
:10226000FC080040F0B588B0D94C200003F034FDE4
:10227000FEF708FCD7480090D74DD8482918009899
:10228000FEF716F8D64829182000FEF711F8D548B1
:1022900029182000FEF70CF8D34829182000FEF773
:1022A00007F8D24829180098FEF702F8D048102104
:1022B0004162816810220A438260802149030162E1
:1022C000142004F05BFFCB4829182000FDF7F0FF35
:1022D000C94829180098FDF7EBFFC5488021C901BE
:1022E000416281688022D2010A43826081681022A3
:1022F00091438160C82004F041FFC04829182000A4
:10230000FDF7D6FFBE4829180098FDF7D1FFB84861
:102310008168BC4A0A4082601021416281681022B3
:102320000A438260052004F029FFB1488168102229
:1023300091438160322004F021FFAA200001291876
:102340002000FDF7B5FFB04829182000FDF7B0FFC9
:10235000AE4829180098FDF7ABFFFFF71FFF049068
:102360000020059002900190A948039000270120C9
:1023700004F004FFA74800680004800D0199814221
:1023800000D201900399884200D20390FFF706FF24
:1023900006007007400F07286CD0AF2000012918F5
:1023A0002000FDF785FF9C4829180098FDF780FF65
:1023B0009AA12000FDF77CFF99482F18F00708D458
:1023C000984829182000FDF773FF974829180098AE
:1023D00001E039002000FDF76BFFB00709D4B320FE
:1023E000000129182000FDF763FF90482918009884
:1023F00001E039002000FDF75BFF700708D48C482E
:1024000029182000FDF754FF8A482918009801E098
:1024100039002000FDF74CFF87A12000FDF748FFA1
:1024200086A10098FDF744FF854829182000FDF794
:102430003FFF844829182000FDF73AFF642004F08C
:102440009DFE81A12000FDF733FFFEF71BFB7F48B7
:10245000006804F007FC06AB012210217C480068EC
:1024600004F0DCF969460876FF2004F08DFD08B021
:1024700000F0DCFF0499300048404021084202D0BF
:102480000599491C0591000602D50298401C02904E
:1024900004967F1C642F00D269E7059802280DD2AC
:1024A0006C4829182000FDF703FF6B48291820000D
:1024B000FDF7FEFEB92000012918B2E702980228B4
:1024C0000DD2664829182000FDF7F2FEBD2000015C
:1024D00029182000FDF7ECFE61482918A1E70398B0
:1024E0000A214843800903900198484380090190DC
:1024F0000300039AC120000129180098FDF7D8FEB7
:10250000C32000012918039808280FD22000FDF7E6
:10251000CFFE039A534829182000FDF7C9FE039AFD
:10252000514829180098FDF7C3FE7DE701984B2814
:102530000BD32000FDF7BCFE019A4C48291820005F
:10254000FDF7B6FE019A4A48EBE74A48281807907B
:1025500001000098FDF7ACFE474829182000FDF760
:10256000A7FE464829180098FDF7A2FE002001901A
:10257000029004F023FE07000A371D48C66B0FE0E7
:102580001B48C06B0490704005260640F00702D53A
:102590000198401C0190700702D50298401C0290DF
:1025A00004F00CFE381AEBD1D1200001281803905A
:1025B0000198022868D203992000FDF779FE30487F
:1025C00029182000FDF774FE2E48291829E7C04677
:1025D000FC08004034060040F87F0000F4090000C9
:1025E0000C0A0000140A0000280A00003C0A00003F
:1025F00018C0FF3F540A0000680A0000780A000073
:102600008C0A0000FFBFFFFFB40A0000C80A0000E8
:10261000FF030000104003E0040B00003220000024
:10262000280B00000C0B0000140B0000380B0000FE
:102630004C0B0000540B00000D0000000D0A0000C0
:10264000941200009C12000053300D001C0A004040
:102650004C000040680B00007C0B0000BC0B00002D
:10266000E40B0000440C0000580C0000840C000037
:10267000980C000074040000D80C0000EC0C000062
:10268000240D0000380D0000C44828180590029859
:1026900002280BD205992000FDF70AFEC048291830
:1026A0002000FDF705FEBF482918BAE6BE48816A3A
:1026B00040220A43826240214164052004F05EFD0D
:1026C00000200190029004F079FD07000A37B64817
:1026D000C66B11E0B448C06B049001007140052046
:1026E0000840C10702D50199491C0191400702D554
:1026F0000298401C0290049E04F060FD381AE9D153
:10270000A948816A402291438162A8482E18019805
:1027100002280AD303992000FDF7CAFD31002000EA
:10272000FDF7C6FD019AA248FBE6029802280ED3E7
:1027300005992000FDF7BCFD31002000FDF7B8FD34
:10274000029A9C4829180098FDF7B2FD6CE607999B
:102750000098FDF7ADFDE420000129182000FDF7E9
:10276000A7FD954829180098FDF7A2FD9349002080
:10277000FEF730FE0A2004F001FDFFF771FB9048E0
:10278000026890482E18032A01D3082A0FD3143860
:1027900029182000FDF78CFD8948026831002000CF
:1027A000FDF786FD86480268EA200001B9E6583048
:1027B0002818019001000098FDF77AFD8248291839
:1027C0000098FDF775FD81482F1839002000FDF7AE
:1027D0006FFD80200002744948628A681043886057
:1027E000080010214162816810220A43826064203F
:1027F00004F0C4FC6C48816810229143816064201D
:1028000004F0BCFCD54829182000FDF751FDD4493F
:102810000120FEF7DFFD142004F0B0FCFFF720FBE1
:1028200039002000FDF744FD5F488168CD4A0A4029
:10283000826063480268032A01D3082A0FD3CA487A
:1028400029182000FDF734FD5D48026831002000A2
:10285000FDF72EFD5A480268F620000172E7019943
:102860000098FDF725FDC14829180098FDF720FDC7
:10287000BF482E1831002000FDF71AFD4A481021EC
:102880004162816810220A4382608021C90301608D
:10289000012004F073FC4448816810229143816058
:1028A000642004F06BFCB34829182000FDF700FDFC
:1028B000AB490020FEF78EFD0027AF48806800047A
:1028C000800D1E2805D3012004F058FC7F1C322FF8
:1028D000F3D3FFF7C5FA31002000FDF7E9FCA74864
:1028E000281801908020400128180290A248806892
:1028F0000004800D1F280AD301992000FDF7D8FCA1
:1029000002992000FDF7D4FC9D48291889E59D48CF
:10291000281803903A0001000098FDF7C9FC9A4876
:1029200029180098FDF7C4FC984829182000FDF7E5
:10293000BFFC0027904880680004800D1F2807D244
:10294000012004F01BFC7F1CFA2040008742F1D3D9
:102950003800642105F06EF80E003800642105F09F
:1029600069F80490FF203830874202D21538874238
:102970002ED201992000FDF79BFC049B3200844875
:1029800029182000FDF794FC049B320086204001AA
:1029900029180098FDF78CFC46E5C046640D000040
:1029A000780D00008C0D000018C0FF3FB80D00002E
:1029B000CC0D0000040E0000540E0000214365877A
:1029C000640000408C0E0000FC0E0000240F00008C
:1029D000049B32008820400129180098FDF768FC0C
:1029E0008A20400129180098FDF762FC8B204001E5
:1029F00029182000FDF75CFC0826664806640027BD
:102A00005D4880680004800D1E2805D3012004F075
:102A1000B5FB7F1C322FF3D3574880680004800D2C
:102A20001F280BD35C4829182000FDF741FC0299B0
:102A30002000FDF73DFC59482918F2E4554846644A
:102A40003A0003990098FDF733FC5548291800987F
:102A5000FDF72EFC8F20400129182000FDF728FCEF
:102A60004C48F1044160322004F088FB4948F104ED
:102A700001600027404880680004800D1F2805D2AF
:102A8000012004F07BFB7F1C322FF3D33A4880688F
:102A90000004800D1E280CD2424829182000FDF7A2
:102AA00007FC414829182000FDF702FC3F4829187F
:102AB000B7E43A0003990098FDF7FAFB3C4829185F
:102AC0002000FDF7F5FB3B4829182000FDF7F0FB3F
:102AD00039482E1831002000FDF7EAFB2D488021EF
:102AE000C901416281688022D2010A4382601021BB
:102AF0004162816810220A438260022004F03EFB9A
:102B000024488168102291438160C82004F036FB7C
:102B10002048802149034162942040012918200067
:102B2000FDF7C6FB26480021016031002000FDF7BB
:102B3000BFFB244829182000FDF7BAFB0A2004F047
:102B40001DFB21A631002000FDF7B2FB3100200063
:102B5000FDF7AEFB19482918009874E4380F0000FF
:102B600023436587FF7FFFFF4C0F0000A40F000089
:102B7000C40F0000D80F0000104003E0EC0F00006D
:102B800014100000481000006C10000098100000A5
:102B9000AC10000018C0FF3F741100008811000045
:102BA000B4110000F4110000081200001C12000013
:102BB000501200006412000078120000A4120000FD
:102BC000800000409C12000053300D00F0B586B02C
:102BD00000200490C748009003F07EF8FDF752FFF4
:102BE000C54C02AB00228021E06803F017FE694665
:102BF0000872C2480190C24D9620400129180198E0
:102C0000FDF756FBBF4829180098FDF751FBBE4859
:102C100029180098FDF74CFBBC4829180098FDF7CF
:102C200047FBBB4829180198FDF742FBB9488021B2
:102C300049030162322004F0A1FA00200390B64853
:102C400005900026012004F099FAB44800680004B9
:102C5000870D0398B84200D203970598874200D2A7
:102C60000597761C642EEDD305980A214843860902
:102C70000398484387093B003200C120000129180E
:102C80000198FDF715FBC32000012918A448281856
:102C90000390082E0FD20098FDF70AFB3200A148DE
:102CA00029180098FDF704FB32009F482918019865
:102CB000FDF7FEFA02E21F2F0BD30098FDF7F8FA9A
:102CC0003A009A4829180098FDF7F2FA3A00984815
:102CD000ECE7984829180198FDF7EAFA9648291870
:102CE0000098FDF7E5FA954829180198FDF7E0FAF4
:102CF00093482E188748C06BC00714D4022004F0F4
:102D00003DFA8448C06BC0070DD431000098FDF730
:102D1000CFFA8C4829180098FDF7CAFA29000198C3
:102D2000FDF7C6FACAE104277A48C06B384212D1CF
:102D3000022004F023FA7748C06B38420BD13100EF
:102D40000098FDF7B5FA290018310098FDF7B0FAA0
:102D500029002C31E3E7290044310098FDF7A8FA57
:102D60006C48390501600A2004F008FA6948390501
:102D7000416000211020FFF711F8002602E0761CC8
:102D8000642E6BD263488021490041608903016051
:102D90000A2004F0F3F95F488021C90341608908E3
:102DA0000160002702A801B4012383228021E0688A
:102DB00003F0A2FC616B01B0032936D06946097AA1
:102DC000002901D180282CD07F1C322FEAD3514812
:102DD000802149034160890001600A2004F0CEF996
:102DE0004C488021C9034160890B0160002702A87B
:102DF00001B4012383228021E06803F07DFC616B34
:102E000001B0032908D06A46127A002A01D180282D
:102E100007D07F1C322FEAD36A46127A002A02D1E9
:102E2000802800D116E10329A9D1E06BFF26AB4F22
:102E300043083B40420C324029004C310198FDF7D9
:102E400037FAE06B41080F403B00400C064032006F
:102E5000290060310098FDF72BFA04E02900743155
:102E60000198FDF725FAFEF7FBFF2A488021490368
:102E70004160606B032800D020E126484162416038
:102E8000090B416089034160322004F077F9214841
:102E900080214903016202A801B4642383228021B6
:102EA000E06803F029FC01B005E0A0690E2800D01D
:102EB000C0E0FEF7D5FF049A1206120E29008031F9
:102EC0000098FDF7F5F9290094310198FDF7F0F924
:102ED0001048082101640A2004F050F92900443107
:102EE0000098FDF7E5F9C2210020FEF76FFE0026ED
:102EF0002DE0C046FC080040400000403406004081
:102F0000F87F00000C0A0000DC120000280A000014
:102F10003C0A000018C0FF3FFF030000104003E020
:102F20009C120000440C0000580C0000F01200003D
:102F30000413000074040000301300004413000068
:102F4000681300007C130000761CC82E28D20027CE
:102F500002A801B4012383228021E06803F0CCFBA6
:102F6000A16901B00E2908D06A46127A002A01D15F
:102F700080286FD07F1C322FEAD36A46127A002A4B
:102F800001D1802866D00E29DED16078A1780902AF
:102F90004318E2782900B4310198FDF789F904E07B
:102FA000290074310198FDF783F9606A01B4E3697F
:102FB000A2692900C8310298FDF77AF9002601B00C
:102FC000A25D2900E8310198FDF772F9761C082E00
:102FD000F6D343A10198FDF76BF9FEF741FFA06915
:102FE0000E286BD1206AE17988420ED16078A178F1
:102FF00009024118E07803B4237962792900F0319D
:103000000298FDF755F902B005E084204000291828
:103010000098FDF74DF98E20400029180098FDF723
:1030200047F90498401C0006000E0490202100205F
:10303000FEF7CCFD02A801B4012383228021E068C1
:1030400003F05AFB01A9097A01B0002900D18028B8
:1030500000D02AE7234880214903416292204000A2
:1030600029180098FDF724F904980006000E03289B
:103070001CD300202064A620400029180098FDF7EA
:1030800017F9194829180098FDF712F903990098C3
:10309000FDF70EF90A2004F071F815A10098FDF76C
:1030A00007F9B02040002918019815E09C20400045
:1030B00029180098FDF7FCF8002020640B48291817
:1030C0000098FDF7F5F803990098FDF7F1F86420F2
:1030D00004F054F806A1009894E1C046FFFF0000F8
:1030E0000D0A000018C0FF3F781200009412000083
:1030F00053300D00F0B586B000200490D148009008
:1031000002F0EAFDFDF7BEFCCF4C02AB00228021AD
:10311000E06803F083FB69460872CC480190CC4D0F
:10312000C020400029180198FDF7C2F8C9482918A5
:103130000098FDF7BDF8C84829180098FDF7B8F8C1
:10314000C64829180098FDF7B3F8C5482918019812
:10315000FDF7AEF8B748802149030160322004F042
:103160000DF800200390BF4805900026012004F0D0
:1031700005F8BD4800680004870D0398B84200D2E6
:1031800003970598874200D20597761C642EEDD3ED
:1031900005980A21484386090398484387093B005C
:1031A0003200C120000129180198FDF781F8C320E1
:1031B00000012918AD4828180390082E0FD2009856
:1031C000FDF776F83200AA4829180098FDF770F844
:1031D0003200A84829180198FDF76AF803E11F2F6B
:1031E0000BD30098FDF764F83A00A348291800981B
:1031F000FDF75EF83A00A148ECE7A14829180198CC
:10320000FDF756F805E0A0690E2800D0A5E0FEF70E
:1032100027FE049A1206120ECE20400029180098AC
:10322000FDF746F8D820400029180198FDF740F82E
:103230000A2003F0A3FF290044310098FDF738F875
:10324000C3210020FEF7C2FC002602E0761CC82E37
:1032500028D2002702A801B4012383228021E0683C
:1032600003F04AFAA16901B00E2908D06A46127A21
:10327000002A01D1802807D07F1C322FEAD36A466A
:10328000127A002A01D1802877D00E29DED1607809
:10329000A17809024318E2782900B4310198FDF7BA
:1032A00007F804E0290074310198FDF701F8606A1D
:1032B00001B4E369A2692900C8310298FCF7F8FF5C
:1032C000002601B0A25D2900E8310198FCF7F0FF6B
:1032D000761C082EF6D36BA10198FCF7E9FFFEF7E8
:1032E000BFFDA0690E2800D07DE08E204000291887
:1032F0000098FCF7DDFF206AE17988420ED1607802
:10330000A17809024118E07803B423796279290091
:10331000F0310298FCF7CCFF02B005E084204000B9
:1033200029180098FCF7C4FF0498401C0006000E02
:10333000049001280DD102263F48066202A801B47C
:10334000FA2383228021E06803F0D6F93B484662E5
:1033500001B020210020FEF739FC02A801B40123AE
:1033600083228021E06803F0C7F901A9097A01B03E
:10337000002900D1802800D045E7FEF771FD3048D4
:103380008021490341609220400029180098FCF7F1
:103390008FFF04980006000E03281CD30020206431
:1033A000A620400029180098FCF782FF364829180B
:1033B0000098FCF77DFF03990098FCF779FF0A203D
:1033C00003F0DCFE32A10098FCF772FFB020400051
:1033D0002918019815E09C20400029180098FCF756
:1033E00067FF00202064294829180098FCF760FF37
:1033F00003990098FCF75CFF642003F0BFFE24A152
:103400000098C046FCF754FFFDF73CFB21480068DC
:1034100003F028FC02AB01221021E06803F0FEF962
:1034200069460872FF2003F0AFFD06B0F0BC01BC96
:103430000047C04638C0FF3F38C0FF3F38C0FF3F9D
:1034400038C0FF3FFC080040400000403406004008
:10345000F87F00000C0A0000DC120000280A0000BF
:103460003C0A0000FF030000104003E09C12000033
:10347000440C0000580C0000F0120000041300007F
:10348000740400000D0A000078120000941200007D
:1034900053300D001C0A0040F0B587B000200590A5
:1034A000D948009002F018FCFDF7ECFAD74C02ABBB
:1034B00000228021E06803F0B1F969460872D4481F
:1034C0000190D449FCF7F4FED3490098FCF7F0FED4
:1034D000D2490098FCF7ECFED1490098FCF7E8FED1
:1034E000D0490198FCF7E4FECF4D286880210143C4
:1034F0002960286880218902014329602868802189
:1035000009030143296080204003A863322003F0AF
:1035100035FE00200390280D069000200490002620
:10352000012003F02BFE686DC00602D40498401CF5
:103530000490BE4800680004870D0398B84200D28A
:1035400003970698874200D20697761C642EE7D32D
:1035500006980A21484386090398484387093B0097
:103560003200B3490198FCF7A3FE049AB1490198CF
:10357000FCF79EFEB049B1480390142E0DD200987E
:10358000FCF796FE3200AE490098FCF791FE32003F
:10359000AC490198FCF78CFE3DE2472F0AD3009816
:1035A000FCF786FE3A00A8490098FCF781FE3A0035
:1035B000A649EEE70498002801D064280DD1A4495B
:1035C0000098FCF775FE3A00A2490098FCF770FEDF
:1035D000A1490198FCF76CFE1DE2A0490198FCF797
:1035E00067FE9F490098FCF763FE6A6D9D4901984C
:1035F000FCF75EFE9C49686DC00708D40098FCF794
:1036000057FE9A490098FCF753FE9949E1E7686D27
:1036100040070BD40098FCF74BFE96490098FCF746
:1036200047FE95490198FCF743FEF4E19349009861
:10363000FCF73EFE28689249014029608020C003C3
:10364000A8610A2003F09AFD8020C003E861286881
:10365000802109030143296000211020FEF79EFB11
:10366000002603E0761C642E00D38BE0802040000F
:10367000E861286880210143296028688049014069
:1036800029608020C003A8610A2003F077FD802014
:10369000C003E86128688021090301432960286884
:1036A00078490140296080204003A861002702A8D2
:1036B00001B4012383228021E06803F01DF8616BCF
:1036C00001B0032947D06946097A002901D1802831
:1036D0003DD07F1C322FEAD380204003E861286868
:1036E00080218902014329602868654901402960D9
:1036F0008020C003A8610A2003F040FD8020C003A1
:10370000E861286880210903014329602868802135
:10371000884328604800A861002702A801B401235B
:1037200083228021E06802F0E7FF616B01B003298A
:1037300008D06A46127A002A01D1802807D07F1C5F
:10374000322FEAD36A46127A002A02D1802800D1A9
:1037500037E1032986D1E06BFF26AF0B43083B40DE
:10376000420C3240BD490198FCF7A2FDE06B4108D4
:103770000F403B00400C06403200B9490098FCF76E
:1037800097FD03E0B7490198FCF792FDFEF768FB4F
:1037900080204003E8612868802189020143296074
:1037A00080204000E8612868802101432960606B27
:1037B000032800D02FE180204003E863E8612868F7
:1037C000802189020143296080204000E861286847
:1037D0008021014329608020C003E861286880219E
:1037E000090301432960322003F0C8FC8020400314
:1037F000A86302A801B4642383228021E06802F058
:103800007BFF01B046E0C046FC080040400000409D
:1038100034060040C8810000048A0000D4920000F1
:10382000208A0000348A000000C0FF3F104003E0FF
:10383000088C0000E8810000288C000094920000B1
:1038400000820000148200004482000058820000C0
:103850008482000098820000AC8200006C8400002A
:1038600028930000D482000060930000749300004D
:10387000F87F000010800000248000003C800000E1
:10388000FFFFF7FFFFFFFDFFA0690E2800D088E0D3
:10389000FEF7E6FA059A1206120E73490098FCF735
:1038A00007FD72490198FCF703FD0820A8650A206E
:1038B00003F064FC6E490098FCF7FAFCC22100207A
:1038C000FEF784F9002602E0761CC82E27D20027D6
:1038D00002A801B4012383228021E06802F00CFFDA
:1038E000A16901B00E2908D06A46127A002A01D1D6
:1038F000802866D07F1C322FEAD36A46127A002ACB
:1039000001D180285DD00E29DED16078A17809022E
:103910004318E27851490198FCF7CAFC03E0514989
:103920000198FCF7C5FC606A01B4E369A2695149DA
:103930000298FCF7BDFC002601B0A25D4E4901983B
:10394000FCF7B6FC761C082EF7D355A10198FCF7BE
:10395000AFFCFEF785FAA0690E285CD1206AE179F8
:1039600088420DD16078A17809024118E07803B44B
:103970002379627941490298FCF79AFC02B003E08E
:103980003F490098FCF794FC3E490098FCF790FCF6
:103990000598401C0006000E059020210020FEF72F
:1039A00015F902A801B4012383228021E06802F006
:1039B000A3FE01A9097A01B0002900D1802800D016
:1039C00062E780204003E8632F490098FCF770FC11
:1039D00005980006000E032817D3002020642B4909
:1039E0000098FCF765FC2A490098FCF761FC0399F4
:1039F0000098FCF75DFC0A2003F0C0FB29A10098A9
:103A0000FCF756FC2349019812E023490098FCF783
:103A10004FFC0020206421490098FCF749FC0399E1
:103A20000098FCF745FC642003F0A8FB1DA100985A
:103A3000FCF73EFCFDF726F81B48006803F012F97E
:103A400002AB01221021E06802F0E8FE694608722C
:103A5000FF2003F099FA07B0E8E4C0464480000074
:103A6000588000006C800000788000008C8000008E
:103A70003C800000C0800000E0800000E880000082
:103A800000810000148100001C81000044810000BE
:103A90007092000058810000308100008C9200007C
:103AA0000D0A000053300D001C0A0040F0B58CB028
:103AB00000200890D94C200002F00EF9FCF7E2FF3C
:103AC000D7480090D74DC120800029180098FCF7F6
:103AD000EFFBCA2080002818099001002000FCF7A5
:103AE000E7FBD14829182000FCF7E2FBCF48291852
:103AF0002000FCF7DDFBCE4829180098FCF7D8FB26
:103B0000CC4810218162C16810220A43C260802122
:103B100049034162142003F031FB002700260120F5
:103B200003F02CFBC44800680004800D0A214843C0
:103B300080090390C148281807900398512843D35F
:103B40007F1C042F40D3BB48802149038162CC20D5
:103B5000800029182000FCF7ABFB039AD1208000DD
:103B600029182000FCF7A4FBD920C0002918200048
:103B7000FCF79EFB07992000FCF79AFB642003F0FA
:103B8000FDFAAFA12000FCF793FBAA48802149026F
:103B90008162FCF777FFA748022141640821416454
:103BA00020214164A748006803F05CF804AB0122BF
:103BB0001021A548006802F031FE69460874FF2014
:103BC00003F0E2F90CB031E4761C642EA7D39F48D1
:103BD00029182000FCF76CFB9D4829180098FCF779
:103BE00067FB94488021C9018162C1688022D201AB
:103BF0000A43C260C16810229143C160C82003F02B
:103C0000BDFA944829182000FCF752FB9248291865
:103C10000098FCF74DFB8748C168904A0A40C26093
:103C200010218162C16810220A43C260052003F09E
:103C3000A5FA8048C16810229143C160322003F088
:103C40009DFAAA20000128180A9001002000FCF724
:103C50002FFB834829182000FCF72AFB81482918EC
:103C60000098FCF725FBFEF799FA039000200590D9
:103C7000069002907C4801900026012003F07EFA15
:103C80006D4800680004800D0299814200D20290C4
:103C90000199884200D20190FEF780FA0700780768
:103CA000400F072849D0AF20000129182000FCF759
:103CB000FFFA6E4829180098FCF7FAFA6CA1200068
:103CC000FCF7F6FA6B482E18F80708D46A4829184A
:103CD0002000FCF7EDFA69482918009801E031004E
:103CE0002000FCF7E5FA02210F4209D1B3200001C0
:103CF00029182000FCF7DCFA61482918009801E037
:103D000031002000FCF7D4FA0420074208D15D48B6
:103D100029182000FCF7CCFA5B482918009801E02C
:103D200031002000FCF7C4FA58A12000FCF7C0FACB
:103D300057A10098FCF7BCFA16E7039938004840F1
:103D4000410602D50599491C0591000602D5069841
:103D5000401C06900397761C642E8ED3059802288B
:103D60000FD24C4829182000FCF7A2FA4A4829181B
:103D70002000FCF79DFA059AD620800029180098AB
:103D8000F0E60698022810D2444829182000FCF7D3
:103D90008FFABD20000129182000FCF789FA069A45
:103DA000E220800029180098DCE601980A214843A7
:103DB0008009019002984843800902900300019A0B
:103DC000C120000129180098FCF772FAC3200001F5
:103DD000291801980F280FD22000FCF769FA019AE0
:103DE000EE20800029182000FCF762FA019AF320E7
:103DF000800029180098B5E60298472854D320007F
:103E0000FCF756FA029A264829182000FCF750FAC7
:103E1000029A244829180098A4E6C046FC080040ED
:103E200034060040F87F0000140A0000280A000051
:103E30003C0A000014C0FF3F104003E09C12000049
:103E400053300D001C0A00404C000040540A000092
:103E5000680A0000780A00008C0A0000FFBFFFFF1C
:103E6000B40A0000C80A0000FF030000040B0000B1
:103E700032200000280B00000C0B0000140B000087
:103E8000380B00004C0B0000540B00000D0000002C
:103E90000D0A0000680B00007C0B0000BC0B00004A
:103EA000840C0000980C0000CF48281801900100F5
:103EB0000098FCF7FDF9CD4829182000FCF7F8F927
:103EC000CB4829180098FCF7F3F90020029003F082
:103ED00075F906000A36C74807680BE0C548006850
:103EE00003903800039F474010210F4202D00298F0
:103EF000401C029003F062F9301AEFD102980228B8
:103F00000DD2D120000129182000FCF7D1F9BA48C0
:103F100029182000FCF7CCF9B848291809E70199BD
:103F20000098FCF7C5F9B348C16810229143C160FD
:103F3000E420000129182000FCF7BAF9322003F030
:103F40001DF9AF4829180098FCF7B2F9AD490320D4
:103F5000FDF740FA0A2003F011F9FDF781FFAA48A6
:103F60000268AA482E18032A01D3082A19D3143844
:103F700029182000FCF79CF9A348026831002000B2
:103F8000FCF796F9A0480268EA2000012918009879
:103F9000FCF78EF99E480268FE20800029180098E0
:103FA000E0E558302818029001000098FCF780F9ED
:103FB000642003F0E3F88220C00029180098FCF781
:103FC00077F98720C0002F1839002000FCF770F91E
:103FD000884808218164C9044160C809854988620C
:103FE000CA681043C860080010218162C1681022AD
:103FF0000A43C260142003F0C1F87E48C168102251
:104000009143C160642003F0B9F882482918200068
:10401000FCF74EF980490320FDF7DCF9142003F08A
:10402000ADF8FDF71DFF39002000FCF741F971489C
:10403000C1687A4A0A40C26073480268032A01D301
:10404000082A12D38C20C00029182000FCF730F970
:104050006D48026831002000FCF72AF96A480268BE
:10406000F6200001291800987CE502990098FCF7D9
:104070001FF96B4829182000FCF71AF9642003F097
:104080007DF8002001905B4810218162C1681022F8
:104090000A43C2606348002101606348016033E065
:1040A000624829182000FCF703F98E2040002918E7
:1040B0002000FCF7FDF807992000FCF7F9F80A202A
:1040C00003F05CF85AA12000FCF7F2F8202103204D
:1040D000FDF77CFD04A801B401238322802155480B
:1040E000006802F009FB01A9097C01B0002901D197
:1040F00080283ED04B48006800283AD144480068E8
:104100000E28E7D1FDF7ACFE290044312000FCF772
:10411000CFF89220C00028180690019A01002000D4
:10412000FCF7C6F8C3210320FDF750FD002606E08A
:104130007F1C642F0DD3761C3B2E00D352E1002050
:1041400002903B20821B3C4829182000FCF7B0F865
:10415000002704A801B40123832280213548006888
:1041600002F0CAFA01A9097C01B0002968D18028AF
:1041700066D1FDF775FE0198032800D2F9E21420FC
:1041800002F0FCFF9F20C00029182000FCF790F8E7
:10419000002605961E200599421A28482918200055
:1041A000FCF786F807992000FCF782F80A2002F055
:1041B000E5FF1FA12000FCF77BF80020039004A876
:1041C00001B40123832280211A48006802F094FA86
:1041D00001A9097C01B0002900D1802800D00BE1A1
:1041E0001E20059019E1C04674040000D80C0000A0
:1041F000EC0C000014C0FF3F240D0000380D00003F
:10420000540E000021436587640000408C0E0000BE
:10421000580000404C04000023436587FF7FFFFFE8
:104220007C0400008400004088000040E40400009A
:1042300053300D004C000040A40400000C050000A9
:10424000C5480068002894D1C44800680E2875D07D
:10425000FDF7A4FF0421084216D000200290C048B8
:104260000068002806D0BE48002101600899481C5B
:104270000890002900D15BE7FDF7F2FD01980328C3
:1042800001D3002008907AE70298401C029006288B
:10429000E5D3FDF7E5FD0198032800D269E209990D
:1042A0002000FCF705F8AF4829180098FCF700F843
:1042B0000A992000FBF7FCFFAB482F1839002000BB
:1042C000FBF7F6FF642002F059FF642002F056FF6E
:1042D000B420C00029182000FBF7EAFFA3490320FF
:1042E000FDF778F80026A24880680004800D1E289B
:1042F00005D3012002F042FF761C322EF3D3FDF7E6
:10430000AFFD39002000FBF7D3FF9A482818029030
:104310008020400128180B90954880680004800D8B
:104320001F2800D291E002992000FBF7C1FF0B99F2
:104330002000FBF7BDFF90482918FAE48F48007869
:104340008F490978090243188E4802789720C000E7
:1043500029180098FBF7ACFF8B48006801B48B4824
:1043600003687E4802682900C8310198FBF7A0FF66
:10437000002601B08648825D2900E8310098FBF7ED
:1043800097FF761C082EF5D382A10098FBF790FFCB
:10439000FDF766FD714800680E2800D0CCE47E4829
:1043A00000687E490978884200D079E60198401C6F
:1043B0000190020006992000FBF77AFF6F48007811
:1043C0006F490978090241186E48007803B47448AF
:1043D0000378744802782900F0312000FBF768FF69
:1043E00002B062E6290074310098FBF761FF9A2061
:1043F000C000291820009DE4FDF7D0FE070004202E
:10440000074203D1761C322E01D148E700260398DB
:10441000401C0390642800D2D1E60598401C05900A
:104420001F2800D2B6E6A420C00029182000FBF700
:104430003FFF5D4829182000FBF73AFFA920C00084
:1044400029180098FBF734FF76E4584828180190A3
:10445000320001000098FBF72BFF554829180098FF
:10446000FBF726FF534829182000FBF721FF002601
:104470003F4880680004800D1F2807D2012002F009
:104480007DFE761CFA2040008642F1D33000642184
:1044900003F0D0FA0F003000642103F0CBFA039050
:1044A000FF209230864201D2C82E13D202992000FA
:1044B000FBF7FEFE039B3A00D44829182000FBF7C7
:1044C000F7FE039B3A008620400129180098FBF76D
:1044D000EFFE31E4039B3A00882040012918009840
:1044E000FBF7E6FECA488021C90341608A204001EB
:1044F00029180098FBF7DCFE8B20400129182000CA
:10450000FBF7D6FEC24808218164322002F036FE55
:10451000BF48082141640026154880680004800DCA
:104520001E2805D3012002F029FE761C962EF3D317
:104530000F4880680004800D1F283DD3B548291816
:104540002000FBF7B5FE0B992000FBF7B1FEB24847
:10455000291800984FE7C0468400004058000040EA
:10456000880000406C0500008C050000234365872F
:10457000104003E0EC0F0000141000004100004068
:104580004200004043000040640000405C000040E6
:10459000400000400D0A000060000040470000405D
:1045A0004400004045000040340500004810000071
:1045B000B40500009810000095480821816432007D
:1045C00001990098FBF774FE944829180098FBF7AE
:1045D0006FFE8F20400129182000FBF769FE8C48F0
:1045E0008021C9038160322002F0C8FD8848802103
:1045F000C903416000268A4880680004800D1F2896
:1046000005D2012002F0BAFD761CFA2EF3D38448BD
:1046100080680004800D1E280BD2824829182000D3
:10462000FBF746FE804829182000FBF741FE7F4833
:1046300006E7320001990098FBF73AFE9F20C00080
:1046400029182000FBF734FE002601961E20019950
:10465000421ABC20C00029182000FBF729FE079948
:104660002000FBF725FE0A2002F088FD70A1200043
:10467000FBF71EFE0020039004A801B4012383224F
:1046800080216C48006802F037F801A9097C01B06C
:10469000002904D1802802D11E20019074E0FDF78A
:1046A0007DFD07000420074267D0761C322E65D1BD
:1046B00009992000FBF7FCFD5548802149028162E1
:1046C0005D4829182000FBF7F3FDC520C00029181C
:1046D0002000FBF7EDFD4E488021C9018162C168D1
:1046E0008022D2010A43C26010218162C168102277
:1046F0000A43C260022002F041FD4548C168102211
:104700009143C1604D4829182000FBF7D1FD3220AC
:1047100002F034FDCA20C00029182000FBF7C8FDB4
:10472000322002F02BFD464829182000FBF7C0FD7F
:10473000322002F023FDCF20C00029182000FBF713
:10474000B7FD322002F01AFD3E4829182000FBF781
:10475000AFFD322002F012FD2D4880214903816215
:104760000898022829D1D420C00029182000FBF77E
:104770009FFD3548291820003DE600260398401C7F
:1047800003905A2800D277E70198401C01901F2817
:1047900000D25BE7A420C00029182000FBF788FDA9
:1047A0002A4829182000FBF783FDC120C0002918E2
:1047B0000098FBF77DFDFFF7D7F9942040012918F9
:1047C0002000FBF775FD224829182000FBF770FD3B
:1047D000204800210160DA20C00029182000FBF7E2
:1047E00067FD07992000FBF763FD0A2002F0C6FC75
:1047F0000FA12000FBF75CFD0DA12000FBF758FD89
:10480000DB20C00029180098FFF7BDF9AC100000AC
:1048100014C0FF3F7411000088110000B4110000A3
:10482000104003E0F4110000081200001C12000008
:1048300053300D004C000040501200003C060000B8
:10484000640600008C060000B4060000F4050000B9
:104850006412000080000040F0B58AB0DA48009091
:1048600001F03AFAFCF70EF9D8480190D84CD94833
:1048700021180198FBF71CFDCA2080002018089021
:1048800001000098FBF714FDD34821180098FBF7AE
:104890000FFDD24821180098FBF70AFDD0482118D7
:1048A0000198FBF705FDCF4810218162C1681022F5
:1048B0000A43C260802149034162142002F05EFC79
:1048C00000250026012002F059FCC74800680004BA
:1048D000800D0A2148438709C44820180790512FAA
:1048E00014D36D1C042D11D3BE488021490381626D
:1048F000CC20800021180098FBF7DAFC3A00D12088
:10490000800021180098FBF7D3FC48E3761C642E46
:10491000D8D3B74821180098FBF7CAFCB54821182E
:104920000198FBF7C5FCAF488021C9018162C168CD
:104930008022D2010A43C260C16810229143C16043
:10494000C82002F01BFCAC4821180098FBF7B0FC13
:10495000AA4821180198FBF7ABFCA248C168A84AF5
:104960000A40C26010218162C16810220A43C260FD
:10497000052002F003FC9B48C16810229143C160EE
:10498000322002F0FBFBAA20000120180990010050
:104990000098FBF78DFC9B4821180098FBF788FCDA
:1049A000994821180198FBF783FCFDF7F7FB0700F6
:1049B0000020059004900290944803900026012066
:1049C00002F0DCFB884800680004800D02998142F7
:1049D00000D202900399884200D20390FDF7DEFBDB
:1049E00005006807400F072846D0AF2000012118B6
:1049F0000098FBF75DFC864821180198FBF758FCEE
:104A000084A10098FBF754FC83482618E80708D4D3
:104A1000824821180098FBF74BFC81482118019827
:104A200001E031000098FBF743FC02210D4209D15F
:104A3000B320000121180098FBF73AFC79482118AF
:104A4000019801E031000098FBF732FC0420054298
:104A500008D1754821180098FBF72AFC73482118E3
:104A6000019801E031000098FBF722FC70A100984A
:104A7000FBF71EFC6FA1A6E028007840410602D596
:104A80000599491C0591000602D50498401C049024
:104A90002F00761C642E92D3059802280FD2664808
:104AA00021180098FBF704FC644821180098FBF7D4
:104AB000FFFB059AD62080002118019823E704986F
:104AC000022812D25E4821180098FBF7F1FBBD20A6
:104AD000000121180098FBF7EBFB049AE22080000C
:104AE00021180198FBF7E4FB59E203980A21484397
:104AF0008009039002984843800902900300039ABA
:104B0000C120000121180198FBF7D2FBC32000014E
:104B10002118039805280ED20098FBF7C9FB039AC9
:104B2000E020C00021180098FBF7C2FB039A45481B
:104B300021180198E7E602984B280BD30098FBF761
:104B4000B7FB029A404821180098FBF7B1FB029A84
:104B50003E48C5E73E482018039001000198FBF746
:104B6000A7FB3C4821180098FBF7A2FB3A48211804
:104B70000198FBF79DFB0020029002F01FFB06004E
:104B80000A36184805680AE01648076828003D00FC
:104B9000454010210D4202D00298401C029002F0C4
:104BA0000DFB301AF0D1029802285BD2D12000010F
:104BB00021180098FBF77CFB284821180098FBF788
:104BC00077FB274821188EE3FC080040340600409C
:104BD000F87F0000C40C0000140A0000280A00003E
:104BE0003C0A000014C0FF3F104003E09C1200008C
:104BF000540A0000680A0000780A00008C0A0000CD
:104C0000FFBFFFFFB40A0000C80A0000FF03000056
:104C1000040B000032200000280B00000C0B0000E9
:104C2000140B0000380B00004C0B0000540B00006C
:104C30000D0000000D0A0000680B00007C0B000056
:104C4000BC0B000014070000840C0000980C00004E
:104C500074040000D80C0000EC0C0000240D0000CF
:104C6000380D000003990198FBF722FBCC48C1687E
:104C700010229143C160E420000121180098FBF745
:104C800017FB322002F07AFAC64821180198FBF788
:104C90000FFBC5490320FCF79DFB0A2002F06EFACA
:104CA000FDF7DEF8C1480268C1482518032A01D380
:104CB000082A19D3143821180098FBF7F9FABB48D1
:104CC000026829000098FBF7F3FAB8480268EA2066
:104CD000000121180198FBF7EBFAB6480268FE20A4
:104CE0008000211801980EE65830261831000198EE
:104CF000FBF7DEFA642002F041FA8220C00021189E
:104D00000198FBF7D5FA8720C000271839000098D2
:104D1000FBF7CEFAA24808218164C9044160C809A2
:104D20009F498862CA681043C860080010218162E8
:104D3000C16810220A43C260142002F01FFA98488A
:104D4000C16810229143C160642002F017FA9A48AA
:104D500021180098FBF7ACFA98490320FCF73AFBBE
:104D6000142002F00BFAFDF77BF839000098FBF7EE
:104D70009FFA8B48C168924A0A40C2608B48026819
:104D8000032A01D3082A10D38C20C00021180098D0
:104D9000FBF78EFA8548026829000098FBF788FA2D
:104DA00082480268F62000019AE631000198FBF77C
:104DB0007FFA844821180098FBF77AFA642002F001
:104DC000DDF9774810218162C16810220A43C26070
:104DD000142002F0D3F99F20C00020180590010094
:104DE0000098FBF765FA002602961E200299421AE7
:104DF000754821180098FBF75BFA07990098FBF7B4
:104E000057FA0A2002F0BAF970A10098FBF750FA9D
:104E1000002706A801B40123832280216C48006882
:104E200001F06AFC01A9097E01B0002904D18028A3
:104E300002D11E20029059E0FDF7B0F905000420D0
:104E400005424FD1761C322E4DD108990098FBF7C0
:104E50002FFA604821180198FBF72AFA099900985F
:104E6000FBF726FA5C48251829000098FBF720FA82
:104E7000642002F083F9642002F080F95748211879
:104E80000098FBF715FA4D490320FCF7A3FA00261A
:104E9000534880680004800D1E2805D3012002F0CD
:104EA0006DF9761C322EF3D3FCF7DAFF2900009857
:104EB000FBF7FEF94B482018039080204001201892
:104EC0000490474880680004800D1F2823D303996D
:104ED0000098FBF7EDF904990098FBF7E9F94248CF
:104EE000211800E200267F1C642F92D30298401CF8
:104EF00002901F2800D278E7A420C0002118009853
:104F0000FBF7D6F9394821180098FBF7D1F9C120F1
:104F1000C0002118E7E13648201802903200010055
:104F20000198FBF7C5F9334821180198FBF7C0F940
:104F3000314821180098FBF7BBF900262848806803
:104F40000004800D1F2807D2012002F017F9761CFB
:104F5000FA2040008642F1D33000642102F06AFD5D
:104F60000D003000642102F065FD0700FF20923043
:104F7000864201D2C82E43D203990098FBF798F9D4
:104F80003B002A001D4821180098FBF791F93B00CF
:104F90002A008620400121180198FBF789F9A5E134
:104FA00014C0FF3F540E0000214365876400004099
:104FB0008C0E0000580000404C040000234365871D
:104FC000FF7FFFFF7C0400000C05000053300D0044
:104FD0004C000040A40F0000C40F0000D80F0000D8
:104FE000104003E0EC0F0000141000003405000036
:104FF000481000006C10000098100000AC10000079
:105000003B002A008820400121180198FBF750F945
:10501000CF488021C90341608A20400121180198AE
:10502000FBF746F9CB4880680004820DE820C000F9
:1050300021180198FBF73CF98B20400121180098BA
:10504000FBF736F9C24808218164322002F096F855
:10505000C04880680004820DEB20C0002118019830
:10506000FBF726F9BA48082141640026B948806850
:105070000004800D1E2805D3012002F07FF8761C65
:10508000962EF3D3B34880680004820DEE20C00052
:1050900021180198FBF70CF9AE4880680004800DD8
:1050A0001F280BD3AC4821180098FBF701F904998D
:1050B0000098FBF7FDF8A948211814E1A44808213D
:1050C0008164320002990198FBF7F2F8A448211894
:1050D0000198FBF7EDF88F20400121180098FBF7AD
:1050E000E7F89B488021C9038160322002F046F82E
:1050F00097488021C90341600026964880680004D3
:10510000800D1F2805D2012002F038F8761CFA2EF7
:10511000F3D3904880680004800D1E280CD291487B
:1051200021180098FBF7C4F88F4821180098FBF766
:10513000BFF88E482118D6E0320002990198FBF79B
:10514000B7F805990098FBF7B3F8002602961E20E1
:105150000299421ABC20C00021180098FBF7A8F859
:1051600007990098FBF7A4F80A2002F007F880A13D
:105170000098FBF79DF8002706A801B401238322BD
:1051800080217C48006801F0B7FA01A9097E01B0CE
:10519000002904D1802802D11E2002908FE0FCF764
:1051A000FDFF05000420054200D183E0761C322E6D
:1051B00000D080E008990098FBF77AF864488021D5
:1051C000490281626C4821180098FBF771F8C520EC
:1051D000C00021180098FBF76BF85D488021C901D9
:1051E0008162C1688022D2010A43C26010218162BB
:1051F000C16810220A43C260022001F0BFFF544878
:10520000C16810229143C1605C4821180098FBF7E7
:105210004FF8322001F0B2FFCA20C00021180098D8
:10522000FBF746F8322001F0A9FF554821180098F5
:10523000FBF73EF8322001F0A1FFCF20C00021187B
:105240000098FBF735F8322001F098FF4D482118FF
:105250000098FBF72DF8322001F090FF3C488021A8
:10526000490381629420400121180098FBF720F83F
:10527000454821180098FBF71BF8444800210160BD
:10528000DA20C00021180098FBF712F8079900985F
:10529000FBF70EF80A2001F071FF35A10098FBF72B
:1052A00007F833A10098FBF703F8DB20C0002118B2
:1052B00001982AE000267F1C5A2F00D25CE7029852
:1052C000401C02901F2800D241E7A420C0002118F2
:1052D0000098FAF7EDFF2E4821180098FAF7E8FF3A
:1052E000C120C00021180198FAF7E2FFD920C000C0
:1052F00021180098FAF7DCFF07990098FAF7D8FF11
:10530000642001F03BFF1AA10098FAF7D1FF104882
:10531000802149028162FBF7B5FB0D4802214164FF
:1053200008214164202141641A48006801F09AFC78
:1053300006AB012210210F48006801F06FFA6946A0
:105340000876FF2001F020FE0AB0FEF76FF8C04695
:1053500014C0FF3F104003E07411000088110000EA
:10536000B4110000F4110000081200001C1200002B
:1053700053300D004C000040501200003C0600006D
:10538000640600008C0600006412000080000040EB
:10539000F40500001C0A0040F7B5444C200000F062
:1053A00083FC200000F098FC41482518280000F0FC
:1053B00093FCFCF7B1FE012001908A2040002018E8
:1053C00002900DE02800FAF793FF01002000FAF7A1
:1053D00027FF386879688842F4D1280000F064FC1F
:1053E000012001F0CBFEA820C0002618029800681A
:1053F000002840D02000FAF77BFF03283BD1200093
:10540000FAF776FF0700072809D03F2820D12000AF
:1054100000F04AFCFCF780FE012001902BE0FCF735
:105420009DFE200000F040FC0298C06801F01AFCCC
:10543000F06801F017FC6B46012210211D4800683E
:1054400001F0ECF969460870FF2001F09DFD12E0C3
:10545000280000F029FC39002800FAF7E1FE2000BE
:10546000FAF746FF07000D28F5D1280000F028FCC8
:10547000200000F019FC0C48271838687968884229
:10548000AED0019800280BD0386879688842A7D040
:105490002800FAF72DFF01002000FAF7C1FEF3E71C
:1054A0003068002895D19BE7B4040000D004004088
:1054B0002C0400004C000040F0B58BB0002005909B
:1054C0000F20069000F08CFCFBF7DCFAFCF77EFE68
:1054D000FCF7E8FC00F014FF962424022000FBF700
:1054E00005FA2000FBF72EFA2000FBF75DFA2000FA
:1054F000FBF788FAFCF732FE01F060FE03906420AF
:1055000001F03CFEDB480090DB4C21004431FAF70F
:1055100001FF00200390012203A9FCF79FFDD74D56
:105520000398072800D2E866D54EEB6E0200F12002
:10553000C00021183000FAF7BBFED2482118300015
:10554000FAF7B6FEE86E80002818C16C0098FAF7EA
:10555000E1FEFB20C00021180098FAF7A9FE01F037
:105560002DFEAF2189004018039017E01F20069000
:1055700001202864C44838180390032300228021A6
:1055800009980FB4102001B410230F9A0021E86E7F
:105590008000BE4F385801F0ADFC05B001F00EFEA2
:1055A0000700BB48201808900398381A01281BDB15
:1055B000E86E80002818C26C00210098FAF748FEB7
:1055C0002200443200210098FAF742FEB1A20021E5
:1055D0000098FAF73DFE08990098FAF769FEAE4880
:1055E000381803900020059001F0E8FD03990F1A88
:1055F000AA480490AA480290012F2FDB01A801B409
:105600003B041B0C83220799E86801F075F801A997
:10561000097901B00A29C1D0102108421ED001F039
:10562000CDFD9D49401803908020000121183000D5
:10563000FAF73EFE01AB00221021E86801F0EEF817
:10564000694608710F2006900498C06801F00AFBB3
:105650000298C06801F006FB012005900020079029
:1056600006980821084214D002980068002810D03B
:105670000098FAF73DFE4B2805D10098FAF738FE5E
:105680000F210140079102980021016085480160C7
:1056900041600698C0071BD504980068002817D001
:1056A0008148FAF725FE03280CD17F48FAF720FE3F
:1056B0003F2807D10C2007900C227C48211830008D
:1056C000FAF7F6FD04980021016079480160416015
:1056D00078480490006804994968884216D03000E0
:1056E00000F0FAFA300000F0EBFA0AE001003000B6
:1056F000FAF796FD300000F0E3FA6F48006801F019
:10570000B1FA0498006804994968884200D15BE1C5
:105710003000FAF7EDFD6949802252000300413B59
:10572000392BE3D801A75B00FF5EBF441801460296
:10573000EE013E010401BEFFBEFF7802FE01BEFF86
:10574000BEFF9C00BEFFBEFFB0008200D400160268
:105750003001BEFFBEFFBEFFEC00DE01BEFFCE018A
:10576000BEFFBEFFBEFFBEFFBEFFBEFF1001260292
:10577000E6013601F800BEFFBEFF5A02F601BEFF89
:10578000BEFF8C00BEFFBEFFA4007200BE000A0276
:105790002001BEFFBEFFBEFFE000D601BEFFC60176
:1057A0001003C863464821183000FAF7B3FDA1E79B
:1057B0001003886384200001F5E75002C863414864
:1057C00021183000FAF7A6FD94E7500288633E489E
:1057D000E9E7086C4022904308643C48F0E7402029
:1057E0000A6C02430A64C8653948DCE70868394A2C
:1057F00002400A608820000121183000FAF78AFD73
:1058000078E70868520202430A603348CBE7086829
:105810008022904308603148D2E708688022024322
:105820000A602F48BFE708682E4A02400A608B20B2
:10583000E1E70868D20202430A602B48B3E710038D
:10584000C8612A48BCE7100388612948ABE7CA61F0
:105850008E20000121183000FAF75CFD4AE78A61CA
:10586000D048A0E79003C861CF48A9E790038861BA
:10587000CE4898E7FC080040F87F00004000004058
:1058800034060040AC07000050C30000B0040040E4
:10589000EC07000053300D0088130000E4050040C1
:1058A000100A004084090040D00400401C08000099
:1058B00058050040BC0600405407004000C0FF3FB0
:1058C0003808000048080000580800006808000078
:1058D00074080000FFFFFDFF8C080000980800001E
:1058E000A4080000FFFFF7FFBC080000C808000084
:1058F000D40800000220C86591207CE7022088655A
:10590000AB4850E70820C865AA4859E708208865D1
:10591000A94848E72020C86594209AE72020886598
:10592000A64840E7FCF79CFAA54849E7A5490320AB
:10593000FBF750FDA44836E7086A1022904308623E
:10594000A24859E71020C863086A102202430A627D
:105950009F4828E701A90298C06801F031F80028A3
:1059600007D09CA10098FAF7D5FC0298C06801F016
:1059700079F9BFE601A90298C06801F021F8002872
:10598000F7D095482118EDE7086A944A02400A6268
:10599000086A934A02400A62086A924A02400A620E
:1059A00099200001FFE6086A1043086250000B6A64
:1059B00003430B6243000F6A1F430F62CA63C8634D
:1059C000CB639A200001FBE60798000624D001F083
:1059D000F5FB0700079A1206120E834821183000C3
:1059E000FAF766FC814828180A909C208000281845
:1059F000099007980006000E01280ED0022843D017
:105A0000032800D191E0042800D1AFE5052800D19A
:105A1000B7E00C2800D1B6E0C0E501A90298C06843
:105A200000F0CEFF002825D0286C00280BD00020E5
:105A300028649220400021180098FAF739FC9C2035
:105A4000400021180CE0E86E80002818C16C009816
:105A5000FAF72EFC08990098FAF72AFC2100443145
:105A60000098FAF725FC0298C06801F0FBF80120C5
:105A7000287293E501AB5B1C01228021E86800F0ED
:105A8000CDFE6946487189E501A90298C06800F019
:105A900097FF002846D00598401C05905448584967
:105AA000059A032A02D10122059204E0012A02D0BC
:105AB000022A16D02EE00068800901408F20414361
:105AC0008808642101F0B6FF0A0010000A2101F0E5
:105AD000B1FF030010000A2101F0ACFF0A004548A5
:105AE00014E04068800901408F2041438808642108
:105AF00001F0A0FF0A0010000A2101F09BFF030043
:105B000010000A2101F096FF0A003B482118009876
:105B1000FAF7CEFB0298C06801F0A4F89620400086
:105B2000381821E50120686438E501A90298C068A9
:105B300000F046FF002821D0E86E297A002900D025
:105B4000401C81006918C96C002900D10020E8665A
:105B5000042229006C310020FCF7A6FAE86E8000D0
:105B60002818C16C0098FAF7A3FB08990098FAF777
:105B70009FFB0298C06801F075F80FE50120A8644A
:105B80000CE5002074E716200690032300228021F4
:105B900009980FB4102001B410230F9A0021174860
:105BA000F9E4C046EC080000F80800000409000011
:105BB0001C09000028090000340900004C090000FD
:105BC000580900002143658764090000740900003A
:105BD0007C09000053300D0088090000FFFEFFFF24
:105BE000FFFDFFFFFFFBFFFFB40900006C04000096
:105BF000204003E0C4090000DC09000099530000C4
:105C0000FF03000011B500F04FF900F0B7FA0F4C98
:105C10006946002000F04CFDE06003230022802153
:105C2000200070300FB40F2001B40F239B208000A0
:105C300022180021044801F05DF900F04FFB00201C
:105C400006B0FCF707FBC046B95400004000004016
:105C50001D6800008822520082180D231372116003
:105C60000021516001604160030088331960596070
:105C70001168002901D108490AE0012901D1074929
:105C800006E0022901D1064902E0032901D10549B4
:105C9000D16000B07047C04600C000E0000001E0E5
:105CA000008007E000C007E0416801600100883122
:105CB0000A684A608A214900002242507047000069
:105CC00010B504000D21FAF7ABFA0A212000FAF70B
:105CD000A7FA10BC01BC004701B56A460021902319
:105CE0005B00C05800F0DCFE08BC01BC00470000AF
:105CF00010B493006B4CE0506948C1506E48016885
:105D0000012393409943016010BC7047F0B5634C88
:105D100020681021884320602068202101432160F1
:105D20002068402101408809FAD0294908680222E8
:105D300090430860AA22CA605523CB6008680125F9
:105D4000A8430860CA60CB60224886680327BE4328
:105D50002E4386604E68F60BF603172737434F60D5
:105D60004F681D4E3E4080277F0237434F60CA6018
:105D7000CB600E6835430D60CA60CB608D688026AD
:105D8000F6042E40B50EF9D00325056005264660C1
:105D90000020A060E060E6680C27BE43042737437C
:105DA000E76002240E6826430E60CA60CB600B4A8F
:105DB00055601460002163070D681D60091D1B1DDF
:105DC000401C1028F8D31464F0BC01BC0047C04646
:105DD00080C01FE004C11FE0FFFF00FF00C01FE004
:105DE00070B5FFF793FF01242C480168214301603F
:105DF00025480021C943016001622F4D0020286021
:105E0000A96029616861FF21C94308600021244A13
:105E1000244B18601B1D1060121D491C2029F8DB43
:105E200001F07CFE0221194A13680B431360184EDF
:105E30007268A243726072680A43726072688A4331
:105E40007260326F03239A43326772692243726130
:105E50007269114371617169042291437161F0604B
:105E60000C48B06130682043306002210A48FFF7D7
:105E70003FFF6868102101436960706804437460E3
:105E800070BC01BC0047C04610C0FF3FC4C01FE04B
:105E9000004000E020BF0200BC5E0000A0C11FE087
:105EA00000F2FFFF00F1FFFF03480021C9438160BA
:105EB00000210160704700000CF0FFFF00402DE959
:105EC000E004A0E3400C80E3FF10A0E3001080E5B5
:105ED000150100EBFF00E0E30010A0E3001080E5F7
:105EE0000040BDE81EFF2FE100000FE1801080E3BD
:105EF00001F021E100100FE1801001E2800051E388
:105F0000F8FFFF1A1EFF2FE100F021E11EFF2FE135
:105F100058019FE50FE0A0E110FF2FE1D3F02FE340
:105F20005C419FE50150A0E30050C4E558419FE566
:105F3000004094E500D094E504409DE404F06FE156
:105F4000FFDFFDE800402DE900402DE9FF1F2DE9AE
:105F500000400FE101001EE32040841310002DE9F2
:105F600020419FE5005094E500D085E5FC009FE5C9
:105F70000FE0A0E110FF2FE1FC409FE5FC509FE502
:105F80000060D5E50060C4E5F8409FE5F8609FE556
:105F9000006096E5006084E500D096E51000BDE85D
:105FA00004F06FE1FFDFFDE8C0009FE50FE0A0E136
:105FB00010FF2FE1C0409FE5C0509FE50060D5E590
:105FC0000060C4E5BC409FE5BC609FE5006096E5CD
:105FD000006084E500D096E51000BDE804F06FE1B4
:105FE000FFDFFDE892F021E30E002DE90D10A0E1A6
:105FF0000CD08DE204204EE200304FE193F021E31B
:1060000004002DE900402DE9F01F2DE97000B1E8F2
:1060100070002DE901002DE908002DE954009FE5ED
:106020000010D0E5011081E20010C0E5010051E34D
:106030000200001A4C409FE5005094E500D085E531
:1060400092F021E3FF10E0E3000091E50FE0A0E112
:1060500010FF2FE193F021E314009FE50FE0A0E192
:1060600010FF2FE11000BDE804F06FE1FFDFFDE855
:106070004D61000089620000660A0040680A004025
:10608000690A00406B0A0040940A00409C0A0040E4
:1060900038480021018070477047000070470000B9
:1060A00070470000704700007047000043085B0025
:1060B0001360121F194B1360121F194B1360121F2C
:1060C000184B1360121F184B1360121F174B1360ED
:1060D000121F174B1360121F164B1360121F164B23
:1060E0001360121F154B1360121F154B1360121F04
:1060F000144B1360121F144B1360121F5B081360C4
:10610000121F1160C00702D5121F332001E0121FB9
:1061100013201060100000B07047C046141414140F
:10612000121212121111111110101010090909097F
:1061300008080808070707070606060605050505F7
:106140000404040403030303020202027047000074
:106150007047000000B507480188491C0180090408
:10616000090C0A2903D30021018001F03DF801BC8C
:10617000004700009C1300407047000070B5FFF717
:1061800087FF934C00252564A570E5702572E571A5
:10619000A561E562A56265626570A57120000C309D
:1061A00000210570401C491C0906090E0829F8D376
:1061B00025716571A5632563E42080002618A2215E
:1061C0008900300000F074F980214900974800F000
:1061D0006FF93000F62189006118002241614830D2
:1061E0004831521C082AF9D34561E56366632600ED
:1061F0009436A0214900300000F05AF93000210007
:10620000A831002205E0416014301431521C120400
:10621000120C0F2A0570F6D34560E66100F082FB90
:10622000032300222021C420800020180FB4154829
:1062300001B43F23E3208000221829000E4800F01B
:1062400059FE03232A0040218420800020180FB427
:106250000A4801B43E23C3208000221829000848C0
:1062600000F048FE0AB000F0C9FFFFF715FFFFF786
:1062700083FF00F03BFEC04629650000FEFF0000E2
:1062800041650000FFFF000030B5514CE079012866
:1062900022D101F08BF80500A078002801D0401E23
:1062A000A070A078002814D1E078002811D100F067
:1062B0002DF96079217988420BD080005B4908581C
:1062C000A063416B491C4163A069401CA06101F0BF
:1062D00071F8280001F072F814E1000010B53C4C90
:1062E000E07900280AD100F011F96079207180006E
:1062F0004E490858A063206301F064F800F06CFF79
:1063000010B5022000F03AFF01F050F8304C0021A7
:10631000E16201F053F80A2000F030FF01F046F886
:10632000E16A61620121617000F054FF01C08FE2F7
:106330001CFF2FE1F0B5FFF70DFF01F037F8244CFB
:10634000216C491C216401F039F8E07901283DD124
:10635000607A010004D0012804D0022804D006E0AD
:10636000012006E0002004E00120012101E00120DD
:1063700000216172002829D0E76B11E00021F97536
:10638000B97D090709D4A1793A7F0A43A271B97E80
:1063900061180A7BFB7E13430B733F6801F00EF814
:1063A0001437387E3F2811D001F000F8B98A00294F
:1063B000F3D0491EB9820904EFD1B97D37221142C9
:1063C000DCD0C8220A40BA750121D8E700F042FCAF
:1063D000640A0040F0B51900524B847A1C5D250018
:1063E000E4004619F67A9B5DE4182406240EA30007
:1063F0000E4EF3581E00283600273780B778974393
:10640000B770F170B178090709D4A7498A79377A4A
:1064100017438F7149190A7BF57915430D730100F4
:10642000180000F025F8200062E100009C120040F6
:1064300010B59D490A6B1C321060937CC318DC7A3E
:10644000D27C2243DA72827A0B6B30331B7813438F
:106450008372086B2E3002788A18137B4478A3432A
:10646000137303D18A79807882438A7100F0B4FE75
:1064700010B52E3002788A18D37A4478A343D372A9
:10648000D27A002A03D18A7A807882438A7200F015
:10649000A3FE00000021002282720B300170401C1C
:1064A000521C1206120E082AF8D300B070470000E2
:1064B000002202E00270401C491E0904090CF9D1B7
:1064C00000B0704730B500F071FF0400764DA87839
:1064D000002814D1E878002811D100F017F8687965
:1064E000297988420BD0800070490858A863416B15
:1064F000491C4163A869401CA86100F067FF2000A7
:1065000000F05CFF30BC01BC004700006648054954
:1065100082798A5CD3008218127B895C5918417198
:10652000704700009494000000B500F03FFF5E4902
:10653000CA6A521CCA6200F041FFFFF7B3FDF4E7DC
:1065400030B5154C02E0142000F018FE60780028E9
:10655000F9D0606A642101F06DFA616200250029BA
:1065600003D12570FF2000F0C1FD00F01FFFE16A9C
:10657000A162E56200F022FF6422A06A616A01F074
:1065800059FA501A2070FFF78FFD00F007F80A2023
:1065900000F0F4FDE9E7C046640A004013B50024AA
:1065A00015E0694600F06EFD00280DD1A0003F49BE
:1065B0000858002808D0012806D0C16889008268E0
:1065C0005118016401994164641C2406240E2000C2
:1065D0004028E6D31CBC01BC00470000FDB50E00FE
:1065E00000F0E4FE304C656B002D58D069696163A2
:1065F00000F0E4FE2E602E002A3668460078B07067
:106600000027377077702F85099868600898E860D0
:106610000198A8606846008D2882684600896882D3
:10662000F77168460078C0083071694609784907F3
:10663000490FF17001228240B271012088407071CF
:10664000EF612F6228003430076087604760C760C1
:1066500007612800FFF77CFD2800FFF71FFD00F011
:10666000A5FE694609788900104A5550E16B6961B9
:10667000AF61E16B002900D08D61E563A179B2794A
:106680000A43A271317961180A7B737913430B7342
:10669000217A491C217200F091FE002002E000F0F6
:1066A0008DFE422000F06CFC640A00409C12004009
:1066B000F0B504000D00B74EB078002803D01020CC
:1066C0002870002013E000F071FE316A0F0009D03D
:1066D0004968316205213970BC6000247C6000F09B
:1066E0006DFE02E000F06AFE72242C703800C04695
:1066F000F0BC02BC08470000FEB588B00600109C44
:1067000042480078002801D002277AE03E4800780D
:10671000002801D00D2774E001273078052870D1BA
:10672000100604D509A85106490E017000E00027A3
:1067300000F03CFE050009A800780190022802D074
:1067400003283ED045E0B0680899014000910099C7
:10675000089A914208D1012F01D18843B0602C489A
:1067600000680099416224E06846008D01B40AA8DF
:106770000378099A03A9300000F0A6F8280000F079
:106780001DFEFFF79FFE00F011FE05002048016886
:106790002431C87901B0002820D108680090012F69
:1067A00007D10198801E012813D8B068009988434A
:1067B000B060280000F002FE0020207000980BB0AE
:1067C00096E7B06808990140009100990029CBD064
:1067D000C1E7280000F0F2FD6F2712E0060000205C
:1067E000C87102A800F0D8F8094800682A300021D2
:1067F0000170280000F0E2FD022E01D10E2700E01A
:106800000A2727700020DAE7670A0040660A00407E
:10681000940A004001C08FE21CFF2FE1F1B50E0089
:1068200017001C000078052803D0012020700020EC
:1068300048E000F0BBFD0500002F02D0012F08D07A
:106840000CE000988168B143816000260098476899
:1068500011E0009881680E438660F6E700F0AEFD17
:106860007120E3E7814205D1380000F077F8012874
:1068700000D101263F68002F12D03869009989683D
:1068800001403A7D022AEDD0032A02D10029F1D03D
:10689000EAE7280000F092FD6F202070002011E050
:1068A000280000F08BFD012E01D1FFF70BFE00F058
:1068B0007DFD050000988668280000F07FFD00201F
:1068C0002070300050E20000F4B56A46128B314C63
:1068D000256B2E002A36377820263E432A27EE5590
:1068E0000025266B2B363570266B32853162009A77
:1068F0000A610B75226B8A6043680B604D60C8604B
:106900004368002B00D0596041602E321078201867
:10691000017B53789943017303D1A079917888431F
:10692000A071ABE230B51B4CEA20400025183C2199
:106930002800FFF7BDFD2800F02149006218002162
:10694000002305E042600C300C325B1C1B041B0C66
:10695000042B0170F6D341602562D3E510B582683F
:1069600024320024948011609179DF230B409371CD
:10697000D4710BD107498B79147B1C438C71937AAA
:10698000C9180B7BD27A1A430A73012400F004F869
:1069900000F01CFC640A00404168026800230029E2
:1069A00005D1C1684A60002A05D0536003E00A603F
:1069B000002A00D051608068036200B07047000078
:1069C000F0B504000D002078042802D001202870C2
:1069D00028E0A24EB078002802D00220287021E0E2
:1069E00000F0E4FC21890A0A00270B061B0EFF2B8E
:1069F00015D1336BFF2636020E402C21595C3143F2
:106A0000218163602C3319788A4203D300F0D6FCCD
:106A1000782701E000F0D2FC2F70012003E000F0A5
:106A2000CDFC2F70002063E6F0B504000D001B487C
:106A30000078002803D01020287000202BE000F000
:106A4000B5FCA100864A51180A68002A03D000F05C
:106A5000B5FC2820F0E701220A600F4A12681600F0
:106A60000027002E06D10F6000F0A8FC042028703B
:106A7000002010E0084952680A6000F09FFC0420E2
:106A800030702002FF210143318177603000FFF731
:106A900001FD2F7030002BE6800A0040660A00409E
:106AA000F3B583B014000078042802D001202070D0
:106AB000CEE06A4DA878002801D00220F7E7E878F8
:106AC000002802D00D202070C2E000F06FFC06000C
:106AD00003980289100A1106090EFF2918D1296BA3
:106AE000039DFF231B0213402C228A5C1A432A8138
:106AF000039A51602C310978884204D3300000F0A9
:106B00005DFC7820D3E7300000F058FC0020DAE785
:106B10001206120E0399496800912C310F78B84281
:106B20005ED22B6B2C331B78934259D28A78AA18E9
:106B3000CB78DF436B461F71137BCF783B420AD083
:106B40006F463F791F40177303D1AA790B799A4397
:106B5000AA71012217E0009AD269002A12D08B781C
:106B6000D31802939C46DF7A6B461B793B406746FD
:106B7000FB728B78D318DB7A002B03D1937A0F79D1
:106B8000BB43937200220870C3088B7043075B0FEE
:106B90004B7001238F78BB400B7101234F78BB40B2
:106BA000CB70012A0AD1AA790B791343AB718A7889
:106BB000AA18137BC978194311730DE0009AD269A2
:106BC000002A09D0937A0F791F4397728B78D218D5
:106BD000D37AC9781943D17280002149009A0A50AA
:106BE000286B2A2102002A321278102313434354BF
:106BF000286B2B3000210170286B6946098A0185BA
:106C00000398FFF715FC300000F0D8FBFFF75AFCA3
:106C100000F0CCFB0600286B2B21415C002902D040
:106C2000022902D003E0002005E00E2003E00399D2
:106C3000FFF71EFC0A202070286B2A30002101700B
:106C4000286B2B300170286BC161300000F0B6FB5F
:106C500005B0C046F0BC01BC00470000640A00401B
:106C60009C120040F1B5040045480078002801D08E
:106C7000052078E02078042801D0012073E000F09E
:106C800095FB05002089060A0006000E3D490A68AA
:106C900061688A4204D0280000F090FB642062E022
:106CA00011002C310B78B3422CD100928A78754BAD
:106CB0009A18137BCF78BB43137305D12C4A2D4B05
:106CC0001B780F79BB43137008700722C308134069
:106CD0008B7002404A7001279F400F71012393403F
:106CE000CB70254A254B1B780F791F4317708A7884
:106CF000644B9A18137BC978194311738000224999
:106D0000009A0A50B000204901220A50A07A0028B7
:106D10001FD00023102200212000FFF75BFB2189F8
:106D2000FF2212020A400100114321818100164A0C
:106D300051586160864206D3280000F03FFBFFF700
:106D4000C1FB78200FE0280000F038FBFFF7BAFB0A
:106D500008E02089FF210143218100206060280094
:106D600000F02CFB0020C046F8BC02BC0847C0461F
:106D70006A0A00406A0A00406A0A00406A0A004043
:106D8000660A0040940A00409C12004070B504005E
:106D90003C4DA878002801D0002013E000F006FB4D
:106DA000E9690E0001D04968E96100F007FB002E97
:106DB00007D0032030703481002070603000FFF76E
:106DC00069FB30008EE00000F2B504001500207869
:106DD000032802D00120287050E02A4EB078002805
:106DE00001D00220F7E7F078002802D00D202870AB
:106DF00044E000F0DBFA07002089002806D0401E9E
:106E00002081380000F0DAFA0020E4E7306B2A2114
:106E100002002A321278012313434354306B2B3083
:106E200000210170306B6946098801852000FFF759
:106E3000FFFA380000F0C2FAFFF744FB00F0B6FAA0
:106E40000700306B2B21415C002902D0022902D0BF
:106E500003E0002005E00E2003E02100FFF708FB1F
:106E60000A202870306B2A3000210170306B2B30E3
:106E70000170306BC161380000F0A0FAF8BC01BCB1
:106E800000470000640A004030B504002078032861
:106E900001D0012020E000F089FA0500A07A002846
:106EA0000CD00023012200212000FFF793FA2800D4
:106EB00000F084FAFFF706FB00200DE02089084966
:106EC000884205D0401C2081280000F077FAF3E7C3
:106ED000280000F073FA322030BC02BC08470000E2
:106EE000FFFF000070BC02BC0847000070BC01BC82
:106EF00000470000FBB517006846048E00F056FA04
:106F00005F4DA978002903D000F058FA3C2036E004
:106F10006946097A8900594A5618316800292BD1E7
:106F20000121316000F04AFA22000A99099800F024
:106F300017F923003A0001990098FFF7B7F8070006
:106F400022000B990A9807B403A8038C0C9A390005
:106F5000007AFFF743FB040003B005D1E87901286C
:106F600008D1FFF7AFFA05E000F020FA0021316008
:106F700000F024FA200002E000F020FA2820C046A9
:106F8000FEBC02BC08470000F1B506003C4CA078EE
:106F9000002801D0402070E03F2E01D13E206CE05F
:106FA00000F004FA0500FF2E02D1206B2C30067889
:106FB000B0003249081800900668002E04D128005D
:106FC00000F0FCF9432058E0012E04D1280000F025
:106FD000F5F93D2051E037002A3738792018017B38
:106FE0007A799143017338792018007B002803D106
:106FF000A079B9798843A071F169002902D03000E5
:10700000FFF736FA306A002801D0FFF7C5FC0020F0
:10701000308538707870E078FF2801D0401CE0702F
:10702000280000F0CBF900F0C1F90500E078002855
:1070300001D0401EE0703000FFF732F8207A401E89
:107040002072009800210160B069002804D17069A5
:1070500081617069E06304E0716941617069B169DF
:107060008161606B70616663280000F0A7F9E079C8
:10707000012801D1FFF726FA002075E69C12004096
:10708000640A0040F0B506000C000025256065602C
:1070900000F08CF9FF2E03D1304909682C310E78AD
:1070A000B100454A5158002903D100F087F9432027
:1070B00019E00129F9D00A8AD20703D400F07EF939
:1070C000452010E0CE688F6800F078F900E06D1C74
:1070D00038003F1D00680028F9D0A8002060701B10
:1070E000800060600020FFF703FB000070B5050022
:1070F00000F05CF901243B49FF2D0A6B02D12C32D0
:10710000157804E02C321278954200D00024AA00B1
:10711000294B9A58002A03D100F050F948201CE06E
:10712000012A03D100F04AF9432016E02A321379EC
:10713000CB181D7B5679B5431D7303D18B79957997
:10714000AB438B71117808230B43137000F036F9B1
:10715000012C01D1FFF7B6F90020C3E6940A0040E4
:107160009207920F032A06D1002202E0491E026014
:10717000001D0029FAD100B07047000070B504006E
:10718000184DA878002815D1002C13D000F00EF966
:10719000296B28318A79AA18137BCE79B3431373EC
:1071A00003D1AA790B7A9A43AA710C8000F006F9F0
:1071B000FFF788F99AE600009C12004010B500F035
:1071C000F5F807490C68C04600F0F8F8200010BC3C
:1071D00002BC084700F0F2F810BC01BC00470000F8
:1071E000A40A0040640A004000B503480068FFF7A5
:1071F0004BFE02BC0847C046B00A0040F1B56A4CDD
:10720000C320C0002018009090214900FFF750F9DA
:10721000402120005430FFF74BF900981A496318B9
:107220000021002564220F00027021268755C360CB
:10723000243024336D1C2D042D0C072DF4D3027043
:107240008155C1606164E1820820A08200982065B8
:107250000120FFF79BFDA0640020FFF797FDE0648D
:1072600003233A004021E720C00020180FB407484C
:1072700001B404230648221839000648FFF73AFEF5
:1072800006B0FFF7E7FCC0463C060000FDFF00002B
:10729000340800004573000030B5212203238354D5
:1072A000414A012903D1C169536CC91805E0516CE9
:1072B0008369002B00D1C369591841614907890EC0
:1072C000511854318A880B680024002B03D1050023
:1072D000C460012203E00500C3601861521C8A806B
:1072E0000D600461FFF70EF910B501000C318A68DA
:1072F0005207920E2C4B9A18543200231468844281
:1073000005D108681060002807D0036105E04868CF
:107310000C68C460002C00D02061012048750B600F
:107320004B609088401E908056E7000001B56A4689
:10733000002103480068FFF747FD08BC01BC004777
:10734000AC0A0040F1B5184C02E0A06CFFF79CFDC0
:107350006A460021E06CFFF737FDFFF7E7FF606C3E
:10736000401C60644007800E2018456D02E002203A
:1073700070773D00002DE8D02E1DB768606C316934
:107380008842F6D13268100003D07168280000F0FE
:1073900033FB2800FFF7A8FF307F0228E7D1012147
:1073A0002800FFF779FFE4E7640A0040004B184724
:1073B000E85E0000004B1847A85F0000004B18472C
:1073C000085F0000004B1847105F0000004B184793
:1073D000445F00007047000010B582B004000094C4
:1073E00069460120FFF7F6FFF9E70000F0B581B02C
:1073F00004000D0002262700AF420ED03868002896
:1074000002D0022E03D105E03F1D022E02D13868C2
:1074100000F00CF83F1DAF42F0D1761E3606360E56
:10742000E9D101B0F0BC01BC0047000000470000FA
:1074300000B581B000F0F8FA01B001BC00470000CF
:107440000906090E01E0401C521E002A03D00378F1
:107450008B42F8D100E0002000B0704710B4030068
:10746000002A05D00C78491C1C705B1C521EF9D1F7
:1074700010BC00B0704700000906090E0300002A86
:1074800003D019705B1C521EFBD100B07047000086
:107490000EB40200064800B581B002A9009181B087
:1074A00001AB012100F036F802B002BC03B008477E
:1074B000FD7900000B061B0E00E0401C02789A428A
:1074C00002D0002AF9D1002000B0704701000A78EC
:1074D000002A03D0491C0A78002AFBD1081A00B000
:1074E0007047000014B50400094881B0009401AB56
:1074F0000A00694600F00EF8009900220A70002880
:1075000001D40098001B02B010BC02BC0847C04662
:107510001D7A0000F0B59FB016001C00049003AD6A
:10752000281D41600021C16100E0761C31780029EE
:1075300005D12D1DE8691FB0F0BC02BC0847252904
:1075400005D1281D00210161416181610AE003A884
:1075500000F02AFA0028E8D50020C043EBE701201C
:1075600008430100761C3278042008430004000C14
:10757000202AF4D0232A0BD02B2A04D02D2AF0D095
:10758000302A07D00BE0022008430104090CE9E788
:107590000820F9E7102008430104090CE2E72A2A31
:1075A0000DD12268131D236012682B1D5A62002A18
:1075B00003D5291D53424B620100761C14E0281D9F
:1075C000002242620BE0BF4B2A1D526A9A4205D04C
:1075D0002B1D0A277A43801830385862761C307881
:1075E000302801D33A28EED330782E2804D0281D35
:1075F0000022D243026220E0761C30782A2807D18C
:107600002068761C021D226000682A1D106214E0AA
:10761000281D002202620BE0AA4B2A1D126A9A4220
:1076200005D02B1D0A277A43801830381862761C43
:107630003078302801D33A28EED3281D01853178DF
:10764000A148FFF737FF002801D03078761C2E21A3
:107650006854685C682806D13078682803D12E20E9
:1076600062212954761C281D0FA9C16032781000B0
:107670005838202800D9B9E001A1095C49008F449D
:1076800057B5B5B5B5B5B5B5B5B5B5101CB5B5B546
:10769000B51CB5B5B5B5B55791B5B59BB557B5B52D
:1076A0005700281D01692A1D481C10612068021D11
:1076B000226000680FAA5054A2E02E20285C6C289B
:1076C0002068011D216000682E21695C682902D1B3
:1076D0000004001403E0622901D100060016291DF0
:1076E0000B69002806D52F1D591C39610FA92D27BC
:1076F000CF5411E0098D0227394205D02F1D591CA6
:1077000039610FAF2B2106E0C90705D52F1D591C84
:1077100039610FAF2021F9542B1D1B69291D0FAFB3
:10772000FB188B600390110003A800F0CFF867E00E
:107730002E20285C6C2801D120680AE0712805D130
:10774000206801000831216003C805E06A2820682C
:10775000F7D0011D216000682E21695C682902D1E3
:107760000004000C03E0622901D10006000E291D6F
:10777000098D08231942CFD00028CDD020211143F4
:107780007829C9D1291D0B692F1D591C39610FAFEB
:107790003021F954291D0B692F1D591C39610FA97E
:1077A000CA54B9E720680FAA011D21600068291D8D
:1077B0008A6003907821B7E72068011D2160006886
:1077C000291D0A6A8860002A02D5FFF77FFE0AE0B9
:1077D0000021FFF735FE002803D0291D8968401AD3
:1077E00001E0281D006A291D486109E0281D016982
:1077F0002B1D481C1861002A00D125220FA84254D5
:10780000281D406A291D0969761C401A291D8969AD
:10781000401A291D4969401A0190281D008D042134
:10782000084210D1684620210170002708E001229B
:10783000694603A800F0CCF8002800D08CE67F1C35
:1078400001988742F3DB281D02690FA903A800F005
:10785000BFF8002800D07FE6684630210170281D5F
:1078600080690027029008E00122694603A800F021
:10787000AFF8002800D06FE67F1C02988742F3DB48
:10788000281D4269816803A800F0A2F8002800D0F2
:1078900062E6281D008D0421084200D146E66846B4
:1078A0002021017000270198874200DB3EE601227B
:1078B000694603A800F08CF8002800D04CE67F1C35
:1078C000F1E7C046FFFFFF7F9495000070B581B0DF
:1078D000020010690B0000906F2B01D1082406E014
:1078E00020201843782801D00A2400E010241068D2
:1078F0003C260500642B01D0692B02D1002800D55D
:107900004542002D02D1506A002819D0761E280069
:10791000210000F08FF830300006000E3A2802D324
:107920001900AF314018009988552800210000F057
:1079300081F80D0004D0D068009989198842E5D3F8
:10794000082C0BD1908D0821084207D00098805D4B
:10795000302803D00098761E302181553C20801BB2
:10796000906100998919D160516A884206DA081A33
:107970000C49D061908D014091850FE000290DD513
:10798000918D14230B40102B08D1916A5369C91AA9
:10799000D369C91A0E1A012E00DBD66101B070BC82
:1079A00001BC0047EFFF000010B50400A06862684A
:1079B00000F022F8A060002804D0206A401C206259
:1079C000002001E00020C04310BC02BC08470000BA
:1079D00070B504000D001600002001E06D1C761E3D
:1079E000002E05D029782000FFF7DEFF0028F5D50E
:1079F00070BC02BC084700001047000030B581B0E1
:107A000004000D002800F9F731F8A84200D0002446
:107A1000200001B030BC02BC084700000268531CC3
:107A20000360117070470000014CA646204700001B
:107A3000D97300007847C0460C002DE900C0A0E3D0
:107A4000FFFFFFEA0120B0E13100000A0030A0E3AF
:107A5000200851E10118A091200451E10114A091E6
:107A6000A00051E12000008A200151E11C00008AA1
:107A7000A00151E11700008A200251E11200008AA2
:107A8000A00251E10D00008A200351E10800008AA4
:107A9000A00351E10300008A810350E181034020EB
:107AA0000330A3E0010350E1010340200330A3E0D1
:107AB000810250E1810240200330A3E0010250E145
:107AC000010240200330A3E0810150E18101402008
:107AD0000330A3E0010150E1010140200330A3E0A5
:107AE000810050E1810040200330A3E0010050E11B
:107AF000010040200330A3E0020051E12114A081E5
:107B0000E4FFFF8A0310A0E18C3FB0E10010612286
:107B1000000060420C00BDE81EFF2FE17847C04620
:107B200000C00FE1C0C0CCE30CF021E11EFF2FE14B
:107B30007847C04600C00FE1C0C08CE30CF021E1E3
:107B400000C00FE1C0C01CE2F9FFFF0A1EFF2FE1D9
:107B5000CE0E0000D0040040D0040040900400008D
:107B600040000040687B00000000000000000000B2
:107B70000000000000000000000000000000000005
:107B800000000000000000000000000000000000F5
:107B900000000000000000000000000000000000E5
:107BA00000000000000000000000000000000000D5
:107BB00000000000049400004094000018940000AD
:107BC0002C94000054940000689400007C94000001
:107BD00000000000030000000000000000000000A2
:107BE0000000000000000000000000000000000095
:107BF0000000000000000000000000000000000085
:107C00000000000000000000000000000000000074
:107C10000000000000000000000000000000000064
:107C20000000000000000000000000000000000054
:107C30000000000000000000000000000000000044
:107C40000000000000000000000000000000000034
:107C50000000000000000000000000000000000024
:107C60000000000000000000000000000000000014
:107C70000000000000000000000000000000000004
:107C800000000000000000000000000000000000F4
:107C900000000000000000000000000000000000E4
:107CA00000000000000000000000000000000000D4
:107CB00000000000000000000000000000000000C4
:107CC00000000000000000000000000000000000B4
:107CD00000000000000000000000000000000000A4
:107CE0000000000000000000000000000000000094
:107CF0000000000000000000000000000000000084
:107D00000000000000000000000000000000000073
:107D10000000000000000000000000000000000063
:107D20000000000000000000000000000000000053
:107D30000000000000000000000000000000000043
:107D40000000000000000000000000000000000033
:107D50000000000000000000000000000000000023
:107D60000000000000000000000000000000000013
:107D70000000000000000000000000000000000003
:107D800000000000000000000000000000000000F3
:107D900000000000000000000000000000000000E3
:107DA00000000000000000000000000000000000D3
:107DB00000000000000000000000000000000000C3
:107DC00000000000000000000000000000000000B3
:107DD00000000000000000000000000000000000A3
:107DE0000000000000000000000000000000000093
:107DF0000000000000000000000000000000000083
:107E00000000000000000000000000000000000072
:107E10000000000000000000000000000000000062
:107E20000000000000000000000000000000000052
:107E30000000000000000000000000000000000042
:107E40000000000000000000000000000000000032
:107E50000000000000000000000000000000000022
:107E60000000000000000000000000000000000012
:107E70000000000000000000000000000000000002
:107E800000000000000000000000000000000000F2
:107E900000000000000000000000000000000000E2
:107EA00000000000000000000000000000000000D2
:107EB00000000000000000000000000000000000C2
:107EC00000000000000000000000000000000000B2
:107ED00000000000000000000000000000000000A2
:107EE0000000000000000000000000000000000092
:107EF0000000000000000000000000000000000082
:107F00000000000000000000000000000000000071
:107F10000000000000000000000000000000000061
:107F20000000000000000000000000000000000051
:107F30000000000000000000000000000000000041
:107F40000000000000000000000000000000000031
:107F50000000000000000000000000000000000021
:107F60000000000000000000000000000000000011
:107F70000000000000000000000000000000000001
:107F800000000000000000000000000000000000F1
:107F900000000000000000000000000000000000E1
:107FA00000000000000000000000000000000000D1
:107FB00000000000000000000000000000000000C1
:107FC00000000000000000000000000000000000B1
:107FD000000000000000000065220000F5300000F5
:107FE000CD2B0000CD2B000099340000AD3A0000ED
:107FF0005948000000000000CEF8E8E1EAE0212046
:10800000444154413020E220EDF3EBE5200D0A001D
:108010003220444154413120E220EDF3EBE52020B1
:10802000200D0000CEF8E8E1EAE02120444154416F
:108030003120E220EDF3EBE5200D0A004C3030302A
:10804000300D0000CAEEE4203D20253033642C259D
:108050003035640D0A00000032CAE0F0F2E0202062
:10806000253033642C253035640D000054696D656E
:108070006F75740D0A00000032D0E5E6E8EC20448C
:10808000616C6C617320202532640D003220CFF0CA
:10809000EEE2E5F0EAE020EFF0EEF2EEEAEEEBE001
:1080A0002044616C6C61730D0A00000043617264CE
:1080B0002020253033642C253035640D0A00000063
:1080C0004D6F64653D25642020436E743D2564201A
:1080D000204E756D5F723D2564204275663D00003F
:1080E0002025303258000000325B253032582530D0
:1080F00032585D20253033642C253035640D000066
:1081000032204572726F72205245414420434152E1
:10811000440D00004C464646460D00003120CFE895
:10812000F2E0EDE8E520F1EDFFF2EE2E200D00008B
:108130003220CDC520C8D1CFD0C0C2C5CD2020208F
:10814000200D00003220202020C8D1CFD0C0C2C5D1
:10815000CD202020200D0000C7E0E2E5F0F8E5ED9D
:10816000E8E520F2E5F1F2E0204D617472697820D3
:1081700049492045480D0A00C7E0EFF3F1EA20F233
:10818000E5F1F2E0204D61747269782049490D0AE9
:10819000000000003220576169742063617264201E
:1081A0002020253264200D00312E3220CFF0EEE267
:1081B000E5F0EAE020EFF0EEF2EEEAEEEBE020444C
:1081C000616C6C61730D0A00C7E0EFF3F1EA20F215
:1081D000E5F1F2E0204D6174726978204949492047
:1081E0004D460D0A00000000C8ECEFF3EBFCF1EE89
:1081F000E22053796E63202564200D0A0000000000
:1082000032496D696E2832306D41293D2025646DFB
:10821000410D0000CEF8E8E1EAE02120D1EBE8F8DA
:10822000EAEEEC20ECE0EBE5EDFCEAE8E920F2EE2A
:10823000EA20283C3230292D202564206D41200D74
:108240000A00000032496D61782837306D41293DC0
:108250002533646D410D0000CEF8E8E1EAE021200D
:10826000D1EBE8F8EAEEEC20E1EEEBFCF8EEE920E9
:10827000F2EEEA20283E3730292D202564206D417A
:10828000200D0A00314572726F722053796E63209F
:1082900020202020200D000032CDE5F22053796E01
:1082A0006320E8ECEF2E2020200D0000CEF8E8E15E
:1082B000EAE02120CDE5F220E8ECEFF3EBFCF1EE73
:1082C000E220EDE020E2FBF5EEE4E52053796E6379
:1082D000200D0A00312E3220CFF0EEE2E5F0EAE088
:1082E00020EFF0EEF2EEEAEEEBE020576569676111
:1082F0006E64202558200D0A00000000C7E0EFF34F
:10830000F1EA20F2E5F1F2E0205A523520284D61E1
:10831000747269782049492D4B2B290D0A00000001
:108320004C464546450D00003120CEF8E8E1EAE034
:1083300020EFE8F2E0EDE8FF200D000032496D612A
:1083400078283830293D2564206D4120200D00001B
:10835000CEF8E8E1EAE02120CDE5F220E8ECEFF309
:10836000EBFCF1EEE220EDE0204C454420285831B2
:108370002070696E2035292E2025640D0A0000002A
:10838000CEF8E8E1EAE02120CDE5F220E8ECEFF3D9
:10839000EBFCF1EEE220EDE0205A554D4D2028583F
:1083A000312070696E2031292E2025640D0A0000CD
:1083B00032496D696E2831356D4129203D25646D46
:1083C000410D0000CEF8E8E1EAE02120D1EBE8F829
:1083D000EAEEEC20ECE0EBE5EDFCEAE8E920F2EE79
:1083E000EA2025643C3135206D41200D0A00000053
:1083F000457272206D6F64655F64616C6C61733D82
:1084000025640D0A00000000322E3320C7E0EFE89B
:10841000F1FC20EFF0EEF1F2EEE3EE20EAEBFEF7F6
:10842000E020F7E5F0E5E720D2CC0D0A00000000DF
:1084300032322E3420544D202020204B455920200C
:10844000200D000032322E3420544D202020204BAD
:1084500045592020410D00003145727220544D20B5
:108460002020204B45592020200D00002020CE6BDD
:108470000D0A000032322E3420544D20204B455935
:1084800020204F6B200D000031CFF0EEE2E5F0EA46
:10849000E020EAE0F0F2202532640D003220C6E44C
:1084A000F320EAE0F0F2F3202D20253264200D00C5
:1084B0004E756D626572203D20253033642C253069
:1084C00035640D0A00000000322020D2E0E9ECE023
:1084D000F3F220EAE0F0F2FB20200D00322020CE63
:1084E000F8E8E1EAE020F7F2E5EDE8FF200D000012
:1084F00031D0F3F7EDE0FF20EEEFE5F0E0F6E8FF36
:10850000200D000032D1EDE8ECE8F2E520F8EBE5D3
:10851000E9F4202532640D0031204572726F72201B
:1085200020204572726F7220200D00003220CDE5B0
:1085300020F1EDFFF220F8EBE5E9F420200D00003A
:10854000CEF8E8E1EAE02120CDE5F220EEF2EAEB18
:10855000FEF7E5EDE8FF20F8EBE5E9F4E0210D0A90
:1085600000000000322E3620CEF2EAF0FBF2E8E501
:1085700020E4E2E5F0E820F7E5F0E5E720544D0DD2
:108580000A00000032322E3620544D202020204B8D
:1085900045592020200D000032322E3620544D2027
:1085A0002020204B45592020410D0000322E37203D
:1085B000CFF0EEE2E5F0EAE020EEF2EAF0FBF2EED8
:1085C000E3EE20F1EEF1F2EEFFEDE8FF20E7E0EC64
:1085D000EAE00D0A0000000032CEE4E5EDFCF2E531
:1085E00020F8EBE5E9F4202532640D003220CDE5DA
:1085F00020EEE4E5F220F8EBE5E9F420200D0000A0
:10860000CEF8E8E1EAE02120CDE5F220EEF2EAEB57
:10861000FEF7E5EDE8FF20F8EBE5E9F4E00D0A00F0
:108620003258202020202020202020202020202000
:10863000200D00003258582020202020202020200B
:1086400020202020200D0000325858585858202053
:108650002020202020202020200D000032585858B3
:10866000585858585820202020202020200D000045
:108670003258585858585858585858585820202048
:10868000200D0000325858585858585858585858C3
:1086900058585858580D000031CFF0EEE2E5F0EA96
:1086A000E020EAE0F0F22020300D00003220CFEB95
:1086B000E0F2E020CDC520C3CEC4CDC0200D000027
:1086C0004C434330300D00004C303043430D00002C
:1086D000C7E0E2E5F0F8E5EDE8E520F2E5F1F2E0EB
:1086E000205A523520284D61747269782049492DED
:1086F0004B2B290D0A00000032496D696E28356D3B
:108700004129203D2564206D41200D00CEF8E8E18F
:10871000EAE02120D1EBE8F8EAEEEC20ECE0EBE532
:10872000EDFCEAE8E920F2EEEA2025643C35206D14
:1087300041200D0A0000000031D2EEEA20F7E5F0FA
:10874000E5E720E7E0ECEEEA2025640D0A000000F2
:1087500032D2EEEA20F7E5F0E5E720E7E0ECEEEADA
:108760002025640D0A00000033D2EEEA20F7E5F080
:10877000E5E720E7E0ECEEEA2025640D0A000000C2
:108780005374617274206D61696E206C6F6F70201C
:108790004932433D307825582070726F673D25641B
:1087A0000D0A0000C2E5F0F1E8FF20F1EEF4F2E07E
:1087B00020332E3120EEF2204F63742020362032F9
:1087C0003030382031323A31393A32300D0A000037
:1087D00032C2E5F0F1E8FF20332E312F30392E3050
:1087E000380D00003220CDE0E6ECE8F2E52027CF9E
:1087F000D3D1CA27200D0000CFEEEBF3F7E5ED2033
:10880000F4EBE0E320E7E0E2E5F0F8E5EDE8FF0D6A
:108810000A000000C7E0EFF0EEF120EFF0EEF8E81C
:10882000E2EAE8204C5043323130330D0A000000B8
:10883000505752204F666600505752204F6E00002E
:108840004C4F434B2048696768204F666600000024
:108850004C4F434B2048696768204F6E0000000072
:1088600057474F564552204F6666000057474F56B0
:108870004552204F6E0000005349474F4831204F6A
:10888000666600005349474F4831204F6E00000094
:108890005349474F4832204F666600005349474FBF
:1088A0004832204F6E0000005349474F4833204F55
:1088B000666600005349474F4833204F6E00000062
:1088C0005349474F4C31204F666600005349474F8C
:1088D0004C31204F6E0000005349474F4C32204F1F
:1088E000666600005349474F4C32204F6E0000002F
:1088F0005349474F4C33204F666600005349474F5A
:108900004C33204F6E00000057474F555431204FD5
:108910006666000057474F555431204F6E000000E7
:1089200057474F555432204F6666000057474F5502
:108930005432204F6E00000057474F555433204F9C
:108940006666000057474F555433204F6E000000B5
:1089500044414C4C41532053544F500044414C4CE3
:1089600041532053544152540000000052554E20B0
:108970005A3552005245534554205A355200000092
:10898000533337300D00000050524F472070696E4E
:10899000204672656500000050524F472070696E96
:1089A00020746F205A45524F000000004B6579201B
:1089B000636F6465203D2025640D0A0032C1EBEE33
:1089C000EA20EFE8F22E202532642E256420C20D25
:1089D0000000000032C1EBEEEA203136562020259F
:1089E00032642E256420C20D00000000C7E0EFF3C2
:1089F000F1EA20F2E5F1F2E0205A35522D4E65748D
:108A00000D0A00004C414135350D0000313120C8C0
:108A1000CDC8D6C8C0CBC8C7C0D6C8DF200D00009F
:108A200032312E3120C2CACBDED7C5CDC8C52020F9
:108A3000200D0000312E3120CFEEE4E0F7E020EFF2
:108A4000E8F2E0EDE8FF0D0A0000000032312E32BE
:108A500020D1D2C8D0C0CDC8C5202020200D000014
:108A6000312E3220D1F2E8F0E0EDE8E50D0A000009
:108A700032312E3320CFC5D0C5C7C0CFD3D1CA2005
:108A8000200D0000312E3320CFE5F0E5E7E0EFF3D5
:108A9000F1EA0D0A00000000313220D2C5D1D2C85F
:108AA000D0CEC2C0CDC8C520200D000032322E313C
:108AB00020476E642D4C45442D5A554D4D0D0000F8
:108AC000322E3120CFF0EEE2E5F0EAE020EAEEEDE2
:108AD000F2E0EAF2EEE220476E64204C4544205A70
:108AE000554D4D0D0A0000003145727220CEC1D0A7
:108AF000DBC220C7C5CCCBC8200D0000CEF8E8E112
:108B0000EAE0210058312E332000000020CEE1F0B1
:108B1000FBE22058312070696E20332E00000000E7
:108B2000202020202000000058322E362000000097
:108B300020CEE1F0FBE22058322070696E20362E04
:108B40000000000058322E382000000020CEE1F056
:108B5000FBE22058322070696E20382E00000000A1
:108B6000314572726F7220457874204C4544202044
:108B7000200D000032CEE1F0FBE22058312E3520EE
:108B8000204C6564200D0000CEF8E8E1EAE02120E9
:108B9000CDE5F220E8ECEFF3EBFCF1EEE220EDE0C6
:108BA000204C4544202858312070696E2035292EEC
:108BB0000D0A0000314572726F7220457874205A98
:108BC000554D4D45520D000032CEE1F0FBE22058EC
:108BD000312E31205A554D4D200D0000CEF8E8E1E0
:108BE000EAE02120CDE5F220E8ECEFF3EBFCF1EE3A
:108BF000E220EDE0205A554D4D2028583120706973
:108C00006E2031292E0D0A00D2EEEAE820CCE8EDE4
:108C10003D202564206D412020CCE0EAF13D202557
:108C200064206D410D0A0000314572726F72205050
:108C30006F77657220202020200D000032496D6979
:108C40006E28386D4129203D202564206D410D009E
:108C5000CEF8E8E1EAE02120D1EBE8F8EAEEEC20FA
:108C6000ECE0EBE5EDFCEAE8E920F2EEEA20256431
:108C70003C38206D41200D0A0000000032496D6132
:108C8000782837346D41293D2533646D410D00004E
:108C9000CEF8E8E1EAE02120D1EBE8F8EAEEEC20BA
:108CA000E1EEEBFCF8EEE920F2EEEA20F2EEEA204B
:108CB00025643E3734206D41200D0A00C7E0EFF3F4
:108CC000F1EA20F2E5F1F2E0205A35520D0A0000F7
:108CD00032322E32202020544D20457869742020D5
:108CE000200D0000322E3220CFF0EEE2E5F0EAE077
:108CF00020EAEEEDF2E0EAF2EEE220544D20E82028
:108D0000457869740D0A0000314572726F72205403
:108D10004D2058312E322020200D000032544D209D
:108D20002D20EDE5F220F7E0F1F2EEF2FB0D000070
:108D3000CEF8E8E1EAE02120CDE5F220E8ECEFF31F
:108D4000EBFCF1EEE220EDE020544D2028583120DC
:108D500070696E2032292E0D0A00000031457272B2
:108D60006F7220457869742058312E34200D000030
:108D7000324578697420EDE5F220F7E0F1F2EEF289
:108D8000FB0D0000CEF8E8E1EAE02120CDE5F2207D
:108D9000E8ECEFF3EBFCF1EEE220EDE02045786942
:108DA00074202858312070696E2034292E0D0A0055
:108DB0003220CDC5D220CFC5D0C5C3D0D3C7CAC8F5
:108DC000200D0000CEF8E8E1EAE02120C8ECEFF346
:108DD000EBFCF1FB20EFF0E820EFE5F0E5E3F0F34A
:108DE000E7EAE520EDE020544D2028583120706955
:108DF0006E2032292025642E0D0A0000CEF8E8E10D
:108E0000EAE02120C8ECEFF3EBFCF1FB20EFF0E807
:108E100020EFE5F0E5E3F0F3E7EAE520EDE02045BB
:108E2000786974202858312070696E2034292025F3
:108E3000642E0D0A0000000032322E3320544D3EC5
:108E40004D41535445524B45590D0000322E3320AD
:108E5000C7E0EFE8F1FC20ECE0F1F2E5F020EAEB0E
:108E6000FEF7E020F7E5F0E5E720544D0D0A00009D
:108E70003145727220544D3E4D41535445524B453D
:108E8000590D000032D7F2E5EDE8E528332E2E37F4
:108E9000292D202564200D00CEF8E8E1EAE021200C
:108EA000CAEBFEF720F1F7E8F2E0ED20EDE5EFF098
:108EB000E0E2E8EBFCEDEEE520F7E8F1EBEE20F088
:108EC000E0E72028332E2E3729202D20256428582E
:108ED000312070696E2032292E0D0A002020CE6BC1
:108EE00020F1F7E8F2E0ED20256420F0E0E70D0A3C
:108EF00000000000322E3420C7E0EFE8F1FC20EF44
:108F0000F0EEF1F2EEE3EE20EAEBFEF7E020F7E51B
:108F1000F0E5E720457869740D0A000032322E34FE
:108F2000204578697420204B45592020200D0000F1
:108F300032322E34204578697420204B4559202048
:108F4000410D000031457272204578697420204B34
:108F500045592020200D0000CEF8E8E1EAE021206C
:108F6000CAEBFEF720F1F7E8F2E0ED20EDE5EFF0D7
:108F7000E0E2E8EBFCEDEEE520F7E8F1EBEE20F0C7
:108F8000E0E72028332E2E3729202D20256428586D
:108F9000312070696E2034292E0D0A00322E3520C2
:108FA000CEF2EAF0FBF2E8E520E4E2E5F0E820F7B3
:108FB000E5F0E5E720544D0D0A00000032322E3571
:108FC00020544D202020204B45592020200D00000A
:108FD00032322E3520544D202020204B4559202060
:108FE000410D00003145727220544D20204C4F43FA
:108FF0004B202020200D000032CDE5F220F1F0E0E2
:10900000E1E0F2FBE2E0EDE8FF0D0000CEF8E8E180
:10901000EAE02120CAEBFEF720EDE520E2FBE7E2E3
:10902000E0EB20EEF2EAF0FBF2E8E520E7E0ECEA24
:10903000E020E7E020302E3320F1E5EA2E0D0A0093
:109040002020CE6B2020C2F0E5ECFF20F0E5E0EA26
:10905000F6E8E820302E2530326420F1E5EA2E0DC6
:109060000A000000322E3620CFF0EEE2E5F0EAE012
:1090700020EEF2EAF0FBF2EEE3EE20F1EEF1F2EE9A
:10908000FFEDE8FF20E7E0ECEAE00D0A0000000059
:1090900032322E36544D2020204C4F434B2020207E
:1090A0000D00000032C2F0E5ECFF20202025642EE8
:1090B000256420F1E5EA0D00CEF8E8E1EAE02120A0
:1090C000C2F0E5ECFF20EEF2EAF0FBF2EEE3EE2078
:1090D000F1EEF1F2EEFFEDE8FF20E7E0ECEAE02050
:1090E000283320F1E5EA29202D2025642E2564204F
:1090F000F1E5EA2E0D0A00002020CE6B2020C2F000
:10910000E5ECFF20EEF2EAF0FBF2EEE3EE20F1EE0A
:10911000F1F2EEFFEDE8FF20E7E0ECEAE020283393
:1091200020F1E5EA29202D2025642E256420F1E593
:10913000EA2E0D0A00000000322E3720CEF2EAF0AF
:10914000FBF2E8E520E4E2E5F0E820F7E5F0E5E70A
:1091500020457869740D0A0032322E37204578692F
:109160007420446F6F722020200D00003145727210
:10917000204578697420446F6F72202020200D00F4
:10918000CEF8E8E1EAE02120CAEDEEEFEAE020EDDA
:10919000E520E2FBE7E2E0EBE020EEF2EAF0FBF2B2
:1091A000E8E520E7E0ECEAE02E0D0A00322E382058
:1091B000C2FBEAEBFEF7E5EDE8E520E7E0ECEAE0EC
:1091C00020F7E5F0E5E720E4E0F2F7E8EA20E4E262
:1091D000E5F0E80D0A00000032322E382020446FFE
:1091E0006F72202020202020200D00003145727257
:1091F0002020446F6F7220202020202020200D008E
:1092000032CDE5F220EEF2ECE5EDFB20202020202F
:1092100020200D00CEF8E8E1EAE02120C4E0F2F7DA
:10922000E8EA20E4E2E5F0E820EDE520E2FBE7E211
:10923000E0EB20E7E0EAF0FBF2E8E520E7E0ECEA2B
:10924000E02E0D0A0000000031332E20D1F2E8F0AC
:10925000E0EDE8E520202020200D0000322020CF86
:10926000EBE0F2E02020C3CEC4CDC020200D0000F2
:109270004C303046460D000031CFE8F2E0EDE8E535
:1092800020F1EDFFF2EE2E4F6B0D00004C46463004
:10929000300D000053313030300D0000C7E0E2E502
:1092A000F0F8E5EDE8E520F2E5F1F2E0205A35527C
:1092B0002D4E65740D0A0000C7E0EFF3F1EA20F2CD
:1092C000E5F1F2E0204D617472697820494920454A
:1092D000480D0A00313120D2C5D1D2C8D0CEC2C08B
:1092E000CDC8C520200D000032496D61782833308B
:1092F0006D41293D2533646D410D0000CEF8E8E154
:10930000EAE02120D1EBE8F8EAEEEC20E1EEEBFC1C
:10931000F8EEE920F2EEEA20F2EEEA2025643E3390
:1093200030206D41200D0A0032312E322057656900
:1093300067616E6420202020200D0000312E322035
:10934000CFF0EEE2E5F0EAE020EFF0EEF2EEEAEE4A
:10935000EBE02057656967616E640D0A000000004C
:1093600031204572726F722057656967616E6420A3
:10937000200D00003220444154413020E220EDF322
:10938000EBE52020200D00000A0D50726F67206D64
:109390006F646520666F72204C5043323130330D5C
:1093A0000A0000000D0A52756E206D6F646520661C
:1093B0006F72204C5043323130330D0A00000000F0
:1093C00050524F473A696420697320253034580D54
:1093D0000A0000000100000004000000100000006E
:1093E000100000002000000040000000020000000B
:1093F0000800000020000000000010000001000034
:109400000000400031202020205A35522D4E657436
:1094100020202020200D00003120525A2D342028F9
:109420004D2D49492D454829200D00003120525A23
:10943000332D454820284D332D454829200D000067
:10944000312020525A342D4D3220284D2D494929A2
:10945000200D000031EFEBCC2D332D4D4620284D53
:10946000332D4D46290D000031205A522D3520282C
:109470004D2D49492D4B2B29200D00003120205A1C
:10948000353030302020285A35522920200D000058
:1094900078563412000001000200010003000100B0
:1094A00002000100040001000200010003000100AD
:1094B000020001000500010002000100030001009C
:1094C000020001000400010002000100030001008D
:1094D000020001000600010002000100030001007B
:1094E000020001000400010002000100030001006D
:1094F000020001000500010002000100030001005C
:10950000020001000400010002000100030001004C
:109510000200010007000100020001000300010039
:10952000020001000400010002000100030001002C
:10953000020001000500010002000100030001001B
:10954000020001000400010002000100030001000C
:1095500002000100060001000200010003000100FA
:1095600002000100040001000200010003000100EC
:1095700002000100050001000200010003000100DB
:1095800002000100040001000200010003000100CC
:1095900002000100686C747A4C00000001001000A9
:1095A000000001001400400101000C00180004003C
:1095B000050000003F000000000005000100000061
:1095C0000000010004000000040000000800010089
:1095D000040001000100010020000100090000005A
:1095E000010040000100010040004800640001004B
:0495F0001E01C20690
:00000001FF
